store_id,date,target_date,horizon,y,target_dow,target_promo,baseline_week_ago,baseline_two_weeks_ago,prophet,boosting,lower,upper,fold,cutoff
1,2015-02-13,2015-02-14,1,624.0,6,0.0,599.0,638.0,598.2676964759478,656.5157659543289,562.5083431872753,681.3825194600287,1,2015-02-13
1,2015-02-15,2015-02-16,1,478.0,1,1.0,501.0,669.0,626.5089145743401,600.1358755042697,544.2675900493416,638.2122126418437,1,2015-02-13
1,2015-02-16,2015-02-17,1,512.0,2,1.0,419.0,596.0,578.1144261537319,486.06685856926293,454.5604323840055,542.0812609027662,1,2015-02-13
1,2015-02-17,2015-02-18,1,509.0,3,1.0,501.0,544.0,568.5251470329601,517.0452494117077,477.805731554478,550.0893171551393,1,2015-02-13
1,2015-02-18,2015-02-19,1,507.0,4,1.0,477.0,551.0,555.296693919132,538.2010148688659,486.27026033365644,571.1758860395084,1,2015-02-13
1,2015-02-19,2015-02-20,1,548.0,5,1.0,630.0,604.0,586.0548160554691,573.1148357971597,503.9987010685576,600.4569337024675,1,2015-02-13
1,2015-02-20,2015-02-21,1,547.0,6,0.0,624.0,599.0,574.7436737284213,610.3267942405803,539.4105449929749,629.6434219171002,1,2015-02-13
1,2015-02-22,2015-02-23,1,454.0,1,0.0,478.0,501.0,521.8977707348334,529.9151315358291,495.5651159162946,622.144039636032,1,2015-02-13
1,2015-02-23,2015-02-24,1,500.0,2,0.0,512.0,419.0,480.0799389771837,476.49309069805577,449.82123462129715,504.24080317374677,1,2015-02-13
1,2015-02-24,2015-02-25,1,512.0,3,0.0,509.0,501.0,477.0155683190727,502.780208624407,461.8283308193815,527.5134483891311,1,2015-02-13
1,2015-02-25,2015-02-26,1,489.0,4,0.0,507.0,477.0,469.81641686451775,525.2192237310894,471.4575144870776,568.2951236890096,1,2015-02-13
1,2015-02-26,2015-02-27,1,542.0,5,0.0,548.0,630.0,504.8739539349903,558.4985050556077,492.94062601934394,604.2952743269263,1,2015-02-13
1,2015-02-27,2015-02-28,1,640.0,6,0.0,547.0,624.0,578.2003884533378,620.8870118421275,530.3694712136942,620.8870118421275,1,2015-02-13
1,2015-03-01,2015-03-02,1,669.0,1,1.0,454.0,478.0,610.7544487183195,626.8828704683656,563.1657247783306,656.7429640737923,1,2015-02-13
1,2015-03-02,2015-03-03,1,576.0,2,1.0,500.0,512.0,577.9612101666428,615.0788472647923,578.4105309690111,641.652850914669,1,2015-02-13
1,2015-03-03,2015-03-04,1,597.0,3,1.0,512.0,509.0,575.9782403888719,568.6691847314111,528.7692815799194,580.7860634073029,1,2015-02-13
1,2015-03-04,2015-03-05,1,534.0,4,1.0,489.0,507.0,570.0640938293385,582.7253329705886,547.5698548106543,603.4581625720311,1,2015-02-13
1,2015-03-05,2015-03-06,1,579.0,5,1.0,542.0,548.0,604.6648488946701,588.8600653323998,539.5063029549364,597.3883992243209,1,2015-02-13
1,2015-03-06,2015-03-07,1,570.0,6,0.0,640.0,547.0,598.1907698578706,617.6061097774951,542.9029890738639,623.5173463094775,1,2015-02-13
1,2015-03-08,2015-03-09,1,485.0,1,0.0,669.0,454.0,551.4829332426671,483.92080059205233,483.92080059205233,579.7393417435128,1,2015-02-13
1,2015-03-09,2015-03-10,1,491.0,2,0.0,576.0,500.0,512.6992676373761,481.31244321273994,466.71660617148746,516.8666102886195,1,2015-02-13
1,2015-03-10,2015-03-11,1,521.0,3,0.0,597.0,512.0,509.75891562836495,505.63977266738107,467.9183602658556,527.2962703528235,1,2015-02-13
1,2015-03-11,2015-03-12,1,405.0,4,0.0,534.0,489.0,501.988836714729,498.9318771898892,475.9906450114837,541.8472851093552,1,2015-02-13
1,2015-03-12,2015-03-13,1,493.0,5,0.0,579.0,542.0,533.5496145754452,535.5754811576937,482.3732167372845,594.3083397738458,1,2015-02-13
1,2015-03-13,2015-03-14,1,599.0,6,0.0,570.0,640.0,604.1019049739464,570.9812215174716,498.85534644511375,604.1538931269101,1,2015-02-13
1,2015-03-15,2015-03-16,1,605.0,1,1.0,485.0,669.0,633.0953279691267,584.9747209440084,540.7430622141687,619.6396356714868,1,2015-02-13
1,2015-03-16,2015-03-17,1,555.0,2,1.0,491.0,576.0,593.9504233936453,563.5290126830807,554.3957624259069,591.7240122376745,1,2015-02-13
1,2015-03-17,2015-03-18,1,504.0,3,1.0,521.0,597.0,589.0287585352668,533.7086251401095,512.7616021259863,569.3730524687428,1,2015-02-13
1,2015-03-18,2015-03-19,1,535.0,4,1.0,405.0,534.0,573.7653183923024,502.1640469598357,473.8309166442337,550.3345618622982,1,2015-02-13
1,2015-03-19,2015-03-20,1,472.0,5,1.0,493.0,579.0,605.2284781159085,563.7984896241361,522.608985527128,578.4743258131073,1,2015-02-13
1,2015-03-20,2015-03-21,1,506.0,6,0.0,599.0,570.0,590.5828688436756,570.5706282326659,500.16119772511666,591.9735280810867,1,2015-02-13
1,2015-03-22,2015-03-23,1,495.0,1,0.0,605.0,485.0,531.6771132041882,509.96312206389706,485.90373629432736,587.6581336222744,1,2015-02-13
1,2015-03-23,2015-03-24,1,464.0,2,0.0,555.0,491.0,489.7390979277685,479.45041141273794,471.69236958189583,532.0965439666056,1,2015-02-13
1,2015-03-24,2015-03-25,1,447.0,3,0.0,504.0,521.0,482.7924974577281,471.22731381389906,445.0941967245987,536.2466823689731,1,2015-02-13
1,2015-03-25,2015-03-26,1,490.0,4,0.0,535.0,405.0,467.91475434858495,464.807541360226,450.10054606498943,515.1054890503708,1,2015-02-13
1,2015-03-26,2015-03-27,1,529.0,5,0.0,472.0,493.0,499.6807786860336,489.68247045284625,470.26781244929697,545.5756336998575,1,2015-02-13
20,2015-02-13,2015-02-14,1,533.0,6,0.0,485.0,517.0,466.84739318746716,482.14675647400634,432.26958347471333,562.5599891680506,1,2015-02-13
20,2015-02-15,2015-02-16,1,977.0,1,1.0,815.0,877.0,973.7515443764861,992.8539850829384,876.2225448046504,1037.581224971153,1,2015-02-13
20,2015-02-16,2015-02-17,1,657.0,2,1.0,829.0,936.0,900.9843602223893,902.2505072957323,825.5709883749926,969.9936506132489,1,2015-02-13
20,2015-02-17,2015-02-18,1,808.0,3,1.0,814.0,884.0,879.8933220167853,868.6376265053954,789.6047399981495,888.5615655115218,1,2015-02-13
20,2015-02-18,2015-02-19,1,1008.0,4,1.0,948.0,943.0,980.17773608103,989.0839852133702,909.9669043934132,1021.2367796426246,1,2015-02-13
20,2015-02-19,2015-02-20,1,831.0,5,1.0,782.0,769.0,776.4830453957651,801.0117626324128,686.9057714827886,836.1207844759382,1,2015-02-13
20,2015-02-20,2015-02-21,1,482.0,6,0.0,533.0,485.0,477.7014346484665,534.9920307976665,494.59673031169297,564.8944874135194,1,2015-02-13
20,2015-02-22,2015-02-23,1,859.0,1,0.0,977.0,815.0,910.6347193382726,926.4639870020865,877.1895997478471,926.4639870020865,1,2015-02-13
20,2015-02-23,2015-02-24,1,820.0,2,0.0,657.0,829.0,829.7361428957488,771.4950664209797,626.2811796485682,834.3805998930699,1,2015-02-13
20,2015-02-24,2015-02-25,1,843.0,3,0.0,808.0,814.0,824.255795084452,819.6540184311152,740.5910719144662,868.4056687788825,1,2015-02-13
20,2015-02-25,2015-02-26,1,995.0,4,0.0,1008.0,948.0,930.0905307150599,950.6249828586858,908.6127315582049,974.1169936460758,1,2015-02-13
20,2015-02-26,2015-02-27,1,771.0,5,0.0,831.0,782.0,727.309587628611,793.3366300755131,715.0169299920535,833.3545090053291,1,2015-02-13
20,2015-02-27,2015-02-28,1,540.0,6,0.0,482.0,533.0,487.2903820787744,510.60494677301557,452.5473196319359,565.0224004327166,1,2015-02-13
20,2015-03-01,2015-03-02,1,946.0,1,1.0,859.0,977.0,1010.6609005604508,984.9009764088794,828.5167663566531,1060.1959649501339,1,2015-02-13
20,2015-03-02,2015-03-03,1,1051.0,2,1.0,820.0,657.0,929.832736763249,902.0716036714284,754.6849524749616,963.691782284741,1,2015-02-13
20,2015-03-03,2015-03-04,1,838.0,3,1.0,843.0,808.0,930.1757233352146,925.7275573278928,836.0642599862325,980.5383303554322,1,2015-02-13
20,2015-03-04,2015-03-05,1,981.0,4,1.0,995.0,1008.0,1029.120357985114,1010.9272237641815,921.808146263971,1106.4449133926723,1,2015-02-13
20,2015-03-05,2015-03-06,1,867.0,5,1.0,771.0,831.0,819.1138670730362,850.7589744148947,754.4333851509979,875.956506919966,1,2015-02-13
20,2015-03-06,2015-03-07,1,560.0,6,0.0,540.0,482.0,485.90245959714383,534.321613410037,510.4571361051426,599.5614516409723,1,2015-02-13
20,2015-03-08,2015-03-09,1,982.0,1,0.0,946.0,859.0,915.6966290850784,936.7240482179939,856.7606174766916,985.4545898654933,1,2015-02-13
20,2015-03-09,2015-03-10,1,928.0,2,0.0,1051.0,820.0,843.2473928646697,816.0315535989037,750.9214897538318,903.6871994057366,1,2015-02-13
20,2015-03-10,2015-03-11,1,797.0,3,0.0,838.0,843.0,839.5282575892824,853.7822892559241,795.8507243725775,899.4450741262905,1,2015-02-13
20,2015-03-11,2015-03-12,1,970.0,4,0.0,981.0,995.0,942.8549264020362,991.5894036718367,898.2859447701745,999.8596870994475,1,2015-02-13
20,2015-03-12,2015-03-13,1,732.0,5,0.0,867.0,771.0,737.8957364410098,795.9146091824726,763.8669598028171,859.6704164723573,1,2015-02-13
20,2015-03-13,2015-03-14,1,556.0,6,0.0,560.0,540.0,496.32156781720494,521.4385786629097,498.82799467404993,567.4212805522073,1,2015-02-13
20,2015-03-15,2015-03-16,1,1020.0,1,1.0,982.0,946.0,1020.9404425815753,1031.569857364914,887.3522703894428,1077.055920043525,1,2015-02-13
20,2015-03-16,2015-03-17,1,1002.0,2,1.0,928.0,1051.0,947.0304870900435,924.3153197397166,834.1621227020291,976.3799837218602,1,2015-02-13
20,2015-03-17,2015-03-18,1,1030.0,3,1.0,797.0,838.0,941.0357345121473,912.8938622087235,839.575154278216,923.1424152349031,1,2015-02-13
20,2015-03-18,2015-03-19,1,1065.0,4,1.0,970.0,981.0,1053.0086196488576,1059.7820690156234,921.581679178043,1121.450579597916,1,2015-02-13
20,2015-03-19,2015-03-20,1,815.0,5,1.0,732.0,867.0,848.980495460332,848.4555891582833,768.9212500548688,891.5987089953268,1,2015-02-13
20,2015-03-20,2015-03-21,1,520.0,6,0.0,556.0,560.0,517.0547762621381,527.2197014148906,519.0811298913411,587.0840752814879,1,2015-02-13
20,2015-03-22,2015-03-23,1,958.0,1,0.0,1020.0,982.0,947.7112159948624,960.8084226126289,866.7887488258064,1016.8618382862101,1,2015-02-13
20,2015-03-23,2015-03-24,1,926.0,2,0.0,1002.0,928.0,876.099133893759,883.0145444813776,837.0739655623884,941.5784836335542,1,2015-02-13
20,2015-03-24,2015-03-25,1,906.0,3,0.0,1030.0,797.0,870.8317665727243,877.8601571709987,769.2019029477457,910.7879482661652,1,2015-02-13
20,2015-03-25,2015-03-26,1,946.0,4,0.0,1065.0,970.0,980.6618420724067,1004.8893874967824,906.4283616492617,1013.0762904395514,1,2015-02-13
20,2015-03-26,2015-03-27,1,834.0,5,0.0,815.0,732.0,773.862042918083,788.8621833634627,696.8675834503794,819.197628268036,1,2015-02-13
1,2015-02-12,2015-02-14,2,624.0,6,0.0,599.0,638.0,592.9360202283635,634.2812303023728,529.988828657308,639.0028057324131,1,2015-02-13
1,2015-02-14,2015-02-16,2,478.0,1,1.0,501.0,669.0,626.5089145743401,595.0776862805665,542.9094918950237,625.078663391516,1,2015-02-13
1,2015-02-15,2015-02-17,2,512.0,2,1.0,419.0,596.0,585.5214420904335,543.7899791536213,528.6288403851592,573.9003787285488,1,2015-02-13
1,2015-02-16,2015-02-18,2,509.0,3,1.0,501.0,544.0,571.8172118557353,519.3643719330836,493.31337148709974,548.1990381449075,1,2015-02-13
1,2015-02-17,2015-02-19,2,507.0,4,1.0,477.0,551.0,557.5790994748294,546.5110074318812,533.185356807544,578.2935784235193,1,2015-02-13
1,2015-02-18,2015-02-20,2,548.0,5,1.0,630.0,604.0,587.3555200815315,576.5207440738776,537.907374003927,631.4763736159204,1,2015-02-13
1,2015-02-19,2015-02-21,2,547.0,6,0.0,624.0,599.0,576.4549286180446,628.2874503061281,534.1031736660184,649.6263656792338,1,2015-02-13
1,2015-02-21,2015-02-23,2,454.0,1,0.0,478.0,501.0,521.8977707348334,528.328830074198,490.5489777990295,592.4281346937667,1,2015-02-13
1,2015-02-22,2015-02-24,2,500.0,2,0.0,512.0,419.0,483.25454764229215,482.1034272244485,477.22816258384165,510.4714559545057,1,2015-02-13
1,2015-02-23,2015-02-25,2,512.0,3,0.0,509.0,501.0,475.9236652495546,491.1551433351686,459.14327661555063,516.4158172466457,1,2015-02-13
1,2015-02-24,2015-02-26,2,489.0,4,0.0,507.0,477.0,468.4692769679534,516.4471381879215,484.047805511917,569.1168903372381,1,2015-02-13
1,2015-02-25,2015-02-27,2,542.0,5,0.0,548.0,630.0,504.4348294527626,608.3468777146142,508.56059506996155,627.8555395203767,1,2015-02-13
1,2015-02-26,2015-02-28,2,640.0,6,0.0,547.0,624.0,576.0538202073355,647.0884296496006,524.792374756649,647.0884296496006,1,2015-02-13
1,2015-02-28,2015-03-02,2,669.0,1,1.0,454.0,478.0,610.7544487183195,603.6880884903744,563.9895719499173,641.7781878406712,1,2015-02-13
1,2015-03-01,2015-03-03,2,576.0,2,1.0,500.0,512.0,575.2537839546577,564.5465008424227,562.2301834879676,613.9761542182932,1,2015-02-13
1,2015-03-02,2015-03-04,2,597.0,3,1.0,512.0,509.0,576.0800869301465,587.4537468555924,546.6190964435235,614.0907587307072,1,2015-02-13
1,2015-03-03,2015-03-05,2,534.0,4,1.0,489.0,507.0,569.1878913875179,570.1472725533673,525.9405018310945,598.8987402567317,1,2015-02-13
1,2015-03-04,2015-03-06,2,579.0,5,1.0,542.0,548.0,606.3771838747862,598.1197174946446,555.8957923444909,656.3860827021218,1,2015-02-13
1,2015-03-05,2015-03-07,2,570.0,6,0.0,640.0,547.0,599.1559460217646,614.6865962930167,541.5054682581076,621.4014974134727,1,2015-02-13
1,2015-03-07,2015-03-09,2,485.0,1,0.0,669.0,454.0,551.4829332426671,496.01995573326826,472.3192575726973,535.9995308870002,1,2015-02-13
1,2015-03-08,2015-03-10,2,491.0,2,0.0,576.0,500.0,515.4303453141492,479.2907690443926,459.43695867728536,530.6239722972191,1,2015-02-13
1,2015-03-09,2015-03-11,2,521.0,3,0.0,597.0,512.0,510.69676964022347,492.16323989453605,463.24763981548523,532.7764989862435,1,2015-02-13
1,2015-03-10,2015-03-12,2,405.0,4,0.0,534.0,489.0,501.6547335862181,484.9532079483822,462.25478607493613,527.072235922796,1,2015-02-13
1,2015-03-11,2015-03-13,2,493.0,5,0.0,579.0,542.0,537.4111197142743,569.1547888301862,507.5445405942821,627.3760761515045,1,2015-02-13
1,2015-03-12,2015-03-14,2,599.0,6,0.0,570.0,640.0,605.2548009347321,608.9760046826572,520.4249457139829,626.742220362195,1,2015-02-13
1,2015-03-14,2015-03-16,2,605.0,1,1.0,485.0,669.0,633.0953279691267,582.1507843377337,530.35248016464,602.0007673604285,1,2015-02-13
1,2015-03-15,2015-03-17,2,555.0,2,1.0,491.0,576.0,595.5260013208621,558.3181141782251,518.7349414778852,594.284992774226,1,2015-02-13
1,2015-03-16,2015-03-18,2,504.0,3,1.0,521.0,597.0,590.146919672592,536.5999120490067,513.6051233560854,593.6378516842615,1,2015-02-13
1,2015-03-17,2015-03-19,2,535.0,4,1.0,405.0,534.0,577.6195388456877,540.0607451301057,504.69260964326287,568.2956368642201,1,2015-02-13
1,2015-03-18,2015-03-20,2,472.0,5,1.0,493.0,579.0,607.3794493697568,538.6686146533218,507.88991163129776,589.7683314425033,1,2015-02-13
1,2015-03-19,2015-03-21,2,506.0,6,0.0,599.0,570.0,596.2558638728995,611.8287734628758,516.8864182852864,612.8347329610693,1,2015-02-13
1,2015-03-21,2015-03-23,2,495.0,1,0.0,605.0,485.0,531.6771132041882,512.6931389639458,465.3970898847541,562.8053792580209,1,2015-02-13
1,2015-03-22,2015-03-24,2,464.0,2,0.0,555.0,491.0,491.7190590172366,482.76132983011536,469.7060801642055,530.5797281928513,1,2015-02-13
1,2015-03-23,2015-03-25,2,447.0,3,0.0,504.0,521.0,483.30754656643103,477.13932399380445,433.33545471145834,538.6327209516713,1,2015-02-13
1,2015-03-24,2015-03-26,2,490.0,4,0.0,535.0,405.0,469.9072034412395,471.98108917246935,445.9289610820779,517.4515668255433,1,2015-02-13
1,2015-03-25,2015-03-27,2,529.0,5,0.0,472.0,493.0,498.9496009993621,477.7781856374013,449.16320427913763,540.1999286403166,1,2015-02-13
20,2015-02-12,2015-02-14,2,533.0,6,0.0,485.0,517.0,460.7990254989355,489.50316788127225,440.3626980243535,516.643767500418,1,2015-02-13
20,2015-02-14,2015-02-16,2,977.0,1,1.0,815.0,877.0,973.7515443764861,993.6428593301571,864.9119501570053,1023.1307889765632,1,2015-02-13
20,2015-02-15,2015-02-17,2,657.0,2,1.0,829.0,936.0,902.6794164821421,908.8545021574055,771.1169944257939,945.9656730353928,1,2015-02-13
20,2015-02-16,2015-02-18,2,808.0,3,1.0,814.0,884.0,896.1734174921573,883.6848384665024,802.5186877271733,892.1353825294069,1,2015-02-13
20,2015-02-17,2015-02-19,2,1008.0,4,1.0,948.0,943.0,985.2392912703699,1000.518910526848,893.8481218152983,1028.7111051490604,1,2015-02-13
20,2015-02-18,2015-02-20,2,831.0,5,1.0,782.0,769.0,775.2928992387206,805.8310009627753,689.9834699580663,827.0175560127985,1,2015-02-13
20,2015-02-19,2015-02-21,2,482.0,6,0.0,533.0,485.0,474.51410627822554,522.2903977675307,476.8712186718857,543.0179044513178,1,2015-02-13
20,2015-02-21,2015-02-23,2,859.0,1,0.0,977.0,815.0,910.6347193382726,930.9538096591573,874.6074484368136,930.9538096591573,1,2015-02-13
20,2015-02-22,2015-02-24,2,820.0,2,0.0,657.0,829.0,834.506479503669,773.2232227548793,640.951776746619,831.7658795278487,1,2015-02-13
20,2015-02-23,2015-02-25,2,843.0,3,0.0,808.0,814.0,824.4645031911284,814.4711865143855,738.5439679408353,868.2136238146707,1,2015-02-13
20,2015-02-24,2015-02-26,2,995.0,4,0.0,1008.0,948.0,929.0228500227606,951.1610373691296,889.4994781498708,975.1543930513562,1,2015-02-13
20,2015-02-25,2015-02-27,2,771.0,5,0.0,831.0,782.0,723.5061108521088,801.1833051777212,706.1846404775539,820.3547004514307,1,2015-02-13
20,2015-02-26,2015-02-28,2,540.0,6,0.0,482.0,533.0,485.651192534876,518.5983315227418,461.1291417506185,538.1396206166914,1,2015-02-13
20,2015-02-28,2015-03-02,2,946.0,1,1.0,859.0,977.0,1010.6609005604508,976.9941441569871,831.3727874269517,1063.527226900682,1,2015-02-13
20,2015-03-01,2015-03-03,2,1051.0,2,1.0,820.0,657.0,932.9479052220535,914.6529720568401,708.3483692605682,981.6830328346759,1,2015-02-13
20,2015-03-02,2015-03-04,2,838.0,3,1.0,843.0,808.0,923.5700213929751,908.8816976373942,817.2588242024792,979.2982710299449,1,2015-02-13
20,2015-03-03,2015-03-05,2,981.0,4,1.0,995.0,1008.0,1034.1318389538462,1026.0575484657204,912.4485597314143,1111.6030754334167,1,2015-02-13
20,2015-03-04,2015-03-06,2,867.0,5,1.0,771.0,831.0,821.1879203024133,865.4581393806859,778.4281659142265,884.2316482567834,1,2015-02-13
20,2015-03-05,2015-03-07,2,560.0,6,0.0,540.0,482.0,483.60744464636105,526.1578395745604,489.425085689911,576.9171004007521,1,2015-02-13
20,2015-03-07,2015-03-09,2,982.0,1,0.0,946.0,859.0,915.6966290850784,936.5499930853508,865.7620327902763,965.0957654040689,1,2015-02-13
20,2015-03-08,2015-03-10,2,928.0,2,0.0,1051.0,820.0,840.9273479872287,848.4734567634482,734.2490719247802,908.290791354135,1,2015-02-13
20,2015-03-09,2015-03-11,2,797.0,3,0.0,838.0,843.0,835.1005776790801,839.4647714778507,760.1836142938412,911.7643473882837,1,2015-02-13
20,2015-03-10,2015-03-12,2,970.0,4,0.0,981.0,995.0,944.7028309159596,987.123100423666,895.7946861471704,1003.8008613509853,1,2015-02-13
20,2015-03-11,2015-03-13,2,732.0,5,0.0,867.0,771.0,737.2100859428708,798.2641381021082,735.1410682493328,871.773152653873,1,2015-02-13
20,2015-03-12,2015-03-14,2,556.0,6,0.0,560.0,540.0,496.17217987698535,527.2717236765549,503.9177944591471,556.8042539739897,1,2015-02-13
20,2015-03-14,2015-03-16,2,1020.0,1,1.0,982.0,946.0,1020.9404425815753,1012.4107133655764,880.9532643291681,1073.1258987309052,1,2015-02-13
20,2015-03-15,2015-03-17,2,1002.0,2,1.0,928.0,1051.0,947.5903012191,937.132511520977,801.7487290227064,992.2256278059015,1,2015-02-13
20,2015-03-16,2015-03-18,2,1030.0,3,1.0,797.0,838.0,938.631652559414,883.7572288162557,813.7609008685461,928.9227681453309,1,2015-02-13
20,2015-03-17,2015-03-19,2,1065.0,4,1.0,970.0,981.0,1048.6070318153716,1049.6488740810357,908.7764911355995,1115.719157985368,1,2015-02-13
20,2015-03-18,2015-03-20,2,815.0,5,1.0,732.0,867.0,848.4959511161971,848.8725245321627,775.7276267437329,902.1721499399001,1,2015-02-13
20,2015-03-19,2015-03-21,2,520.0,6,0.0,556.0,560.0,517.1860368606403,541.7758270893057,518.645722147794,568.8002010502667,1,2015-02-13
20,2015-03-21,2015-03-23,2,958.0,1,0.0,1020.0,982.0,947.7112159948624,962.8349116053631,888.5923194671407,1004.6240343426656,1,2015-02-13
20,2015-03-22,2015-03-24,2,926.0,2,0.0,1002.0,928.0,876.7480964851426,905.4218643517038,842.9459673202641,946.6275494352103,1,2015-02-13
20,2015-03-23,2015-03-25,2,906.0,3,0.0,1030.0,797.0,868.966460381084,878.6090726839988,771.7381412217251,921.1674794612055,1,2015-02-13
20,2015-03-24,2015-03-26,2,946.0,4,0.0,1065.0,970.0,978.1395163779359,991.8106145494007,899.9947123830852,1030.0094912632833,1,2015-02-13
20,2015-03-25,2015-03-27,2,834.0,5,0.0,815.0,732.0,775.8993035882405,782.8621936799974,666.0599777971961,831.6843662806499,1,2015-02-13
1,2015-02-11,2015-02-14,3,624.0,6,0.0,599.0,638.0,593.1536841680878,634.4373085172076,536.0142012750644,651.1048025326311,1,2015-02-13
1,2015-02-13,2015-02-16,3,478.0,1,1.0,501.0,669.0,624.7726235809147,607.2430618882561,546.8626058040674,609.5702691322659,1,2015-02-13
1,2015-02-14,2015-02-17,3,512.0,2,1.0,419.0,596.0,585.5214420904335,541.5408374737807,515.0692212084837,580.5643443267126,1,2015-02-13
1,2015-02-15,2015-02-18,3,509.0,3,1.0,501.0,544.0,579.3236646405684,518.9793903822542,510.5580320489264,574.7251218264157,1,2015-02-13
1,2015-02-16,2015-02-19,3,507.0,4,1.0,477.0,551.0,560.9437380508193,552.9245154400182,526.0497575904348,583.2234507141187,1,2015-02-13
1,2015-02-17,2015-02-20,3,548.0,5,1.0,630.0,604.0,589.6645626494527,587.566796752079,535.8567059625558,640.5352003574106,1,2015-02-13
1,2015-02-18,2015-02-21,3,547.0,6,0.0,624.0,599.0,577.7659917758282,633.6956821951954,532.7464754890769,648.5063158592151,1,2015-02-13
1,2015-02-20,2015-02-23,3,454.0,1,0.0,478.0,501.0,523.1008963465878,534.1025866865139,481.1315627658937,572.1907847540747,1,2015-02-13
1,2015-02-21,2015-02-24,3,500.0,2,0.0,512.0,419.0,483.25454764229215,477.63394716881476,461.21812840060073,516.4171942559595,1,2015-02-13
1,2015-02-22,2015-02-25,3,512.0,3,0.0,509.0,501.0,479.12598143230935,496.22146599735976,474.81652322751296,526.3248527856124,1,2015-02-13
1,2015-02-23,2015-02-26,3,489.0,4,0.0,507.0,477.0,467.32918005087913,517.2458295394489,477.7589368404473,552.5925427305534,1,2015-02-13
1,2015-02-24,2015-02-27,3,542.0,5,0.0,548.0,630.0,503.0584592717314,593.2576462391688,519.5465934882916,624.3048083249382,1,2015-02-13
1,2015-02-25,2015-02-28,3,640.0,6,0.0,547.0,624.0,575.6493985198422,642.3890399438761,527.5453151506365,668.6370086027196,1,2015-02-13
1,2015-02-27,2015-03-02,3,669.0,1,1.0,454.0,478.0,609.2159165046168,608.8972516428848,536.8525070845709,634.5360711206963,1,2015-02-13
1,2015-02-28,2015-03-03,3,576.0,2,1.0,500.0,512.0,575.2537839546577,569.9374227372576,547.0495462369324,611.4376040470065,1,2015-02-13
1,2015-03-01,2015-03-04,3,597.0,3,1.0,512.0,509.0,573.396854905108,568.9868145214924,527.8010872535161,585.316454709406,1,2015-02-13
1,2015-03-02,2015-03-05,3,534.0,4,1.0,489.0,507.0,569.2418655078444,594.7170299330696,538.4414534503956,622.2215759781359,1,2015-02-13
1,2015-03-03,2015-03-06,3,579.0,5,1.0,542.0,548.0,605.4908956591146,607.7144524259759,546.7484869224534,662.5348123867209,1,2015-02-13
1,2015-03-04,2015-03-07,3,570.0,6,0.0,640.0,547.0,600.8317508002076,616.1937082236468,533.1718038319016,657.0008005313581,1,2015-02-13
1,2015-03-06,2015-03-09,3,485.0,1,0.0,669.0,454.0,552.3208372832953,495.28500247762463,465.83852813359266,521.0991857073744,1,2015-02-13
1,2015-03-07,2015-03-10,3,491.0,2,0.0,576.0,500.0,515.4303453141492,478.85605909953904,464.8815273116432,534.8567592011506,1,2015-02-13
1,2015-03-08,2015-03-11,3,521.0,3,0.0,597.0,512.0,513.394043335284,505.02143954728865,472.64377058277984,525.7258041725836,1,2015-02-13
1,2015-03-09,2015-03-12,3,405.0,4,0.0,534.0,489.0,502.6064729870302,484.3364616475431,465.4710571415547,529.8234070477183,1,2015-02-13
1,2015-03-10,2015-03-13,3,493.0,5,0.0,579.0,542.0,537.0750018262564,546.0601834446736,493.65822932851324,600.794862069928,1,2015-02-13
1,2015-03-11,2015-03-14,3,599.0,6,0.0,570.0,640.0,608.834616873751,621.6950662215205,526.957907218574,629.9708827171524,1,2015-02-13
1,2015-03-13,2015-03-16,3,605.0,1,1.0,485.0,669.0,633.0592015033797,585.9967683833912,523.2807051660408,594.7595652622529,1,2015-02-13
1,2015-03-14,2015-03-17,3,555.0,2,1.0,491.0,576.0,595.5260013208621,579.7305489686336,506.17250568248556,603.0702778742448,1,2015-02-13
1,2015-03-15,2015-03-18,3,504.0,3,1.0,521.0,597.0,591.7174474579176,548.3134460499255,513.5867291207096,581.9526455947141,1,2015-02-13
1,2015-03-16,2015-03-19,3,535.0,4,1.0,405.0,534.0,578.7921013660344,552.548533374979,517.1535004569927,579.0018874969596,1,2015-02-13
1,2015-03-17,2015-03-20,3,472.0,5,1.0,493.0,579.0,611.3400505937279,555.6602647835236,519.9465492663024,600.2261956392748,1,2015-02-13
1,2015-03-18,2015-03-21,3,506.0,6,0.0,599.0,570.0,598.4441816073556,616.2522696606896,515.3641753100515,616.2522696606896,1,2015-02-13
1,2015-03-20,2015-03-23,3,495.0,1,0.0,605.0,485.0,536.140165274007,493.02705359205027,463.7618740086163,540.1512492391221,1,2015-02-13
1,2015-03-21,2015-03-24,3,464.0,2,0.0,555.0,491.0,491.7190590172366,483.0971519921355,463.53399873922297,519.3997615961877,1,2015-02-13
1,2015-03-22,2015-03-25,3,447.0,3,0.0,504.0,521.0,485.32135276748846,479.18440280219914,435.56040363391196,529.150660493266,1,2015-02-13
1,2015-03-23,2015-03-26,3,490.0,4,0.0,535.0,405.0,470.47932199058573,471.08885316099037,450.7338420238432,532.0307090262252,1,2015-02-13
1,2015-03-24,2015-03-27,3,529.0,5,0.0,472.0,493.0,500.9807793347246,474.9946417647602,459.6136697697915,569.3344222741553,1,2015-02-13
20,2015-02-11,2015-02-14,3,533.0,6,0.0,485.0,517.0,458.1555259664566,481.77174427906425,446.3171950803184,521.8019636333679,1,2015-02-13
20,2015-02-13,2015-02-16,3,977.0,1,1.0,815.0,877.0,970.0839882395019,983.8080256128397,867.2631852867073,1011.0816246746293,1,2015-02-13
20,2015-02-14,2015-02-17,3,657.0,2,1.0,829.0,936.0,902.6794164821421,900.0692316687155,785.5843628085271,945.889319514963,1,2015-02-13
20,2015-02-15,2015-02-18,3,808.0,3,1.0,814.0,884.0,897.5543970093594,892.6387985012914,806.4171534601762,896.8295794377553,1,2015-02-13
20,2015-02-16,2015-02-19,3,1008.0,4,1.0,948.0,943.0,1001.6713822640957,971.2003182245304,895.6319049504599,1021.6950258604937,1,2015-02-13
20,2015-02-17,2015-02-20,3,831.0,5,1.0,782.0,769.0,780.4520008947874,772.6911736033785,720.2224259346732,810.6057294494273,1,2015-02-13
20,2015-02-18,2015-02-21,3,482.0,6,0.0,533.0,485.0,473.2911090691311,502.053426112302,479.33731626494824,547.1513188450605,1,2015-02-13
20,2015-02-20,2015-02-23,3,859.0,1,0.0,977.0,815.0,908.9809064733304,898.283264432418,874.9940104536568,932.8525375508378,1,2015-02-13
20,2015-02-21,2015-02-24,3,820.0,2,0.0,657.0,829.0,834.506479503669,767.9038603219196,632.8910009062863,836.2761500925765,1,2015-02-13
20,2015-02-22,2015-02-25,3,843.0,3,0.0,808.0,814.0,829.1581279018233,819.8556780249054,757.3970821715372,872.8791145162868,1,2015-02-13
20,2015-02-23,2015-02-26,3,995.0,4,0.0,1008.0,948.0,929.0331546668033,925.3045122872835,872.0018854993093,972.2038645432192,1,2015-02-13
20,2015-02-24,2015-02-27,3,771.0,5,0.0,831.0,782.0,722.4199810559974,785.6998415813378,700.2467197755184,808.6855653599623,1,2015-02-13
20,2015-02-25,2015-02-28,3,540.0,6,0.0,482.0,533.0,482.1617283983962,513.5658515498698,465.2762713207228,541.207724460079,1,2015-02-13
20,2015-02-27,2015-03-02,3,946.0,1,1.0,859.0,977.0,1007.6633709689886,993.1799495087199,856.556991103107,1071.287168306202,1,2015-02-13
20,2015-02-28,2015-03-03,3,1051.0,2,1.0,820.0,657.0,932.9479052220535,893.5556526276665,746.2968550654194,998.8131065807751,1,2015-02-13
20,2015-03-01,2015-03-04,3,838.0,3,1.0,843.0,808.0,926.9752985347266,925.3935591433823,810.6064277572567,988.2890428830303,1,2015-02-13
20,2015-03-02,2015-03-05,3,981.0,4,1.0,995.0,1008.0,1027.5692580658747,1020.4424462276083,901.8444047327791,1099.8804250450153,1,2015-02-13
20,2015-03-03,2015-03-06,3,867.0,5,1.0,771.0,831.0,826.2241693496254,870.2491527359355,758.5488891516759,870.2491527359355,1,2015-02-13
20,2015-03-04,2015-03-07,3,560.0,6,0.0,540.0,482.0,485.479861479519,512.1963159317014,500.0303396405564,585.3943986852889,1,2015-02-13
20,2015-03-06,2015-03-09,3,982.0,1,0.0,946.0,859.0,911.3731901407755,893.0389139719518,856.7416231945313,987.5294245176941,1,2015-02-13
20,2015-03-07,2015-03-10,3,928.0,2,0.0,1051.0,820.0,840.9273479872287,813.4917042986473,749.4346472085507,890.8385871520964,1,2015-02-13
20,2015-03-08,2015-03-11,3,797.0,3,0.0,838.0,843.0,832.4420531836644,822.886294620511,772.4258183431664,905.9292450470612,1,2015-02-13
20,2015-03-09,2015-03-12,3,970.0,4,0.0,981.0,995.0,940.1483015598724,974.4003453867632,850.4609168286653,998.1399905977886,1,2015-02-13
20,2015-03-10,2015-03-13,3,732.0,5,0.0,867.0,771.0,739.0612318657753,785.2898681956694,749.123250062778,840.0949452659695,1,2015-02-13
20,2015-03-11,2015-03-14,3,556.0,6,0.0,560.0,540.0,495.6378969397956,521.1851016072648,499.62760254307307,556.5128160905313,1,2015-02-13
20,2015-03-13,2015-03-16,3,1020.0,1,1.0,982.0,946.0,1017.3207671524717,1018.290924869265,886.8770338031741,1075.8916295026067,1,2015-02-13
20,2015-03-14,2015-03-17,3,1002.0,2,1.0,928.0,1051.0,947.5903012191,943.0210252220113,837.6292554070833,977.6956480042477,1,2015-02-13
20,2015-03-15,2015-03-18,3,1030.0,3,1.0,797.0,838.0,939.4335612249861,917.5298818093346,819.5475072768177,920.4562332864767,1,2015-02-13
20,2015-03-16,2015-03-19,3,1065.0,4,1.0,970.0,981.0,1046.282970060548,1037.4720318491143,901.8287601759721,1103.8079333527469,1,2015-02-13
20,2015-03-17,2015-03-20,3,815.0,5,1.0,732.0,867.0,844.1223162387732,861.6034026647691,766.1724703585224,900.7107989238524,1,2015-02-13
20,2015-03-18,2015-03-21,3,520.0,6,0.0,556.0,560.0,516.7669765103133,524.079380579893,514.5243009770791,560.4766436069243,1,2015-02-13
20,2015-03-20,2015-03-23,3,958.0,1,0.0,1020.0,982.0,947.5933202012092,952.9755936077362,868.7842842669738,1028.413402238261,1,2015-02-13
20,2015-03-21,2015-03-24,3,926.0,2,0.0,1002.0,928.0,876.7480964851426,908.3587381976722,848.1352988675417,961.3230736057964,1,2015-02-13
20,2015-03-22,2015-03-25,3,906.0,3,0.0,1030.0,797.0,869.3650668414748,884.145403050091,796.2895483735784,920.4951662453956,1,2015-02-13
20,2015-03-23,2015-03-26,3,946.0,4,0.0,1065.0,970.0,976.2939560356509,1009.8512246360215,881.9221009164133,1009.8512246360215,1,2015-02-13
20,2015-03-24,2015-03-27,3,834.0,5,0.0,815.0,732.0,773.3928720433998,779.8765185768631,684.9606357727582,815.7066521119236,1,2015-02-13
1,2015-02-10,2015-02-14,4,624.0,6,0.0,599.0,638.0,593.8937265387019,642.114174631584,531.6697039008617,658.1744007035832,1,2015-02-13
1,2015-02-12,2015-02-16,4,478.0,1,1.0,501.0,669.0,619.5663220234024,618.3381601141406,524.7047813001354,618.3381601141406,1,2015-02-13
1,2015-02-13,2015-02-17,4,512.0,2,1.0,419.0,596.0,583.7488786728562,544.3972744051043,523.0550951175883,585.1128962179284,1,2015-02-13
1,2015-02-14,2015-02-18,4,509.0,3,1.0,501.0,544.0,579.3236646405684,527.4286461381491,504.60484775627145,559.1437784759497,1,2015-02-13
1,2015-02-15,2015-02-19,4,507.0,4,1.0,477.0,551.0,568.4212397415741,549.1967295133569,528.2300104692297,572.3461213226053,1,2015-02-13
1,2015-02-16,2015-02-20,4,548.0,5,1.0,630.0,604.0,593.0640362581112,584.7468003746676,536.564299182917,623.5134227222871,1,2015-02-13
1,2015-02-17,2015-02-21,4,547.0,6,0.0,624.0,599.0,579.9092083889992,629.686054220996,519.4273230301284,636.5910271403603,1,2015-02-13
1,2015-02-19,2015-02-23,4,454.0,1,0.0,478.0,501.0,524.8330181749915,524.5144615432129,463.3485727083383,580.9451109279337,1,2015-02-13
1,2015-02-20,2015-02-24,4,500.0,2,0.0,512.0,419.0,484.4433821421338,484.9354877321689,465.70527865099757,537.583928685264,1,2015-02-13
1,2015-02-21,2015-02-25,4,512.0,3,0.0,509.0,501.0,479.12598143230935,488.583768302978,485.2185383935799,547.8519490971181,1,2015-02-13
1,2015-02-22,2015-02-26,4,489.0,4,0.0,507.0,477.0,470.46679155820476,521.1476941689573,489.5985978604671,571.7654608208367,1,2015-02-13
1,2015-02-23,2015-02-27,4,542.0,5,0.0,548.0,630.0,501.97485133475584,587.3628004012647,511.89732583813606,639.6359755797781,1,2015-02-13
1,2015-02-24,2015-02-28,4,640.0,6,0.0,547.0,624.0,574.3174687778439,636.3837134405669,517.4275982036241,662.7898737805884,1,2015-02-13
1,2015-02-26,2015-03-02,4,669.0,1,1.0,454.0,478.0,607.0882978760916,602.9851896519207,534.9522453071949,636.3671747565945,1,2015-02-13
1,2015-02-27,2015-03-03,4,576.0,2,1.0,500.0,512.0,573.6872477388391,560.2687334254101,538.19750459771,607.2063446839703,1,2015-02-13
1,2015-02-28,2015-03-04,4,597.0,3,1.0,512.0,509.0,573.396854905108,569.5799555465243,516.7776637811867,588.4637702424877,1,2015-02-13
1,2015-03-01,2015-03-05,4,534.0,4,1.0,489.0,507.0,566.5621514075655,566.69359768114,532.7910439516467,600.3493327645386,1,2015-02-13
1,2015-03-02,2015-03-06,4,579.0,5,1.0,542.0,548.0,605.5680936218415,612.6012846686631,550.9612880447501,640.291817081868,1,2015-02-13
1,2015-03-03,2015-03-07,4,570.0,6,0.0,640.0,547.0,599.9798335345503,609.503697175303,537.531368926904,641.333537479032,1,2015-02-13
1,2015-03-05,2015-03-09,4,485.0,1,0.0,669.0,454.0,553.3101547199043,495.490681141141,477.03076878605293,539.4154176684393,1,2015-02-13
1,2015-03-06,2015-03-10,4,491.0,2,0.0,576.0,500.0,516.275703180224,480.1093583570443,465.0950995694426,537.7160478043546,1,2015-02-13
1,2015-03-07,2015-03-11,4,521.0,3,0.0,597.0,512.0,513.394043335284,503.8022107843436,481.36495040677465,537.9403957999215,1,2015-02-13
1,2015-03-08,2015-03-12,4,405.0,4,0.0,534.0,489.0,505.32528597240236,490.108968313742,469.4136479493723,534.2158463549409,1,2015-02-13
1,2015-03-09,2015-03-13,4,493.0,5,0.0,579.0,542.0,538.0197944445938,550.3659861440135,490.3117015820174,610.492047153643,1,2015-02-13
1,2015-03-10,2015-03-14,4,599.0,6,0.0,570.0,640.0,608.6215075299498,616.3739815635445,528.9199097276952,649.6458318828164,1,2015-02-13
1,2015-03-12,2015-03-16,4,605.0,1,1.0,485.0,669.0,634.2540883254111,572.8205531727913,519.1446308024896,603.3872280785407,1,2015-02-13
1,2015-03-13,2015-03-17,4,555.0,2,1.0,491.0,576.0,595.5494529014916,556.1870964258297,512.1501543027243,618.005015441168,1,2015-02-13
1,2015-03-14,2015-03-18,4,504.0,3,1.0,521.0,597.0,591.7174474579176,530.8120140635832,520.3205745589718,588.8188074683053,1,2015-02-13
1,2015-03-15,2015-03-19,4,535.0,4,1.0,405.0,534.0,580.4136246923574,544.6248466216225,511.780477168325,576.5186666517712,1,2015-02-13
1,2015-03-16,2015-03-20,4,472.0,5,1.0,493.0,579.0,612.4356242220572,550.9547965298415,523.6447832480882,589.0296523958842,1,2015-02-13
1,2015-03-17,2015-03-21,4,506.0,6,0.0,599.0,570.0,602.2609018657575,601.6729268372148,509.11348371057113,601.6729268372148,1,2015-02-13
1,2015-03-19,2015-03-23,4,495.0,1,0.0,605.0,485.0,541.6326187804334,496.9259979084255,477.69824459861843,547.7246292000916,1,2015-02-13
1,2015-03-20,2015-03-24,4,464.0,2,0.0,555.0,491.0,496.2029216933521,482.48591847071026,465.6124254406401,541.3500527262379,1,2015-02-13
1,2015-03-21,2015-03-25,4,447.0,3,0.0,504.0,521.0,485.32135276748846,472.2543217160511,451.6398896219523,535.8016523543828,1,2015-02-13
1,2015-03-22,2015-03-26,4,490.0,4,0.0,535.0,405.0,472.45810539079554,483.7416578198964,449.2167799916025,535.8720165457189,1,2015-02-13
1,2015-03-23,2015-03-27,4,529.0,5,0.0,472.0,493.0,501.52821841598455,488.09599469568496,473.6999879523928,574.9684444211977,1,2015-02-13
20,2015-02-10,2015-02-14,4,533.0,6,0.0,485.0,517.0,457.67809132338704,484.0533920020267,443.7449995298758,513.6727008545726,1,2015-02-13
20,2015-02-12,2015-02-16,4,977.0,1,1.0,815.0,877.0,964.2529048668869,956.9378805314951,871.1846598648874,996.7842480202794,1,2015-02-13
20,2015-02-13,2015-02-17,4,657.0,2,1.0,829.0,936.0,899.2520709839245,882.7366445195418,771.8121550313076,945.7258292422664,1,2015-02-13
20,2015-02-14,2015-02-18,4,808.0,3,1.0,814.0,884.0,897.5543970093594,869.3257921736277,798.4212829337878,888.4012079420925,1,2015-02-13
20,2015-02-15,2015-02-19,4,1008.0,4,1.0,948.0,943.0,1003.0992238295376,980.2485682545181,888.800098786003,1018.2342434805846,1,2015-02-13
20,2015-02-16,2015-02-20,4,831.0,5,1.0,782.0,769.0,796.6820083799588,795.8707722594435,705.464841774913,823.7543066986894,1,2015-02-13
20,2015-02-17,2015-02-21,4,482.0,6,0.0,533.0,485.0,477.3376527712708,498.91423699022096,464.72559660890255,540.0729360634032,1,2015-02-13
20,2015-02-19,2015-02-23,4,859.0,1,0.0,977.0,815.0,906.5048021410821,918.9852166726401,852.2041826285173,918.9852166726401,1,2015-02-13
20,2015-02-20,2015-02-24,4,820.0,2,0.0,657.0,829.0,833.2689020898704,766.2419044336683,640.3011653126573,851.131600724431,1,2015-02-13
20,2015-02-21,2015-02-25,4,843.0,3,0.0,808.0,814.0,829.1581279018233,823.6873106896463,741.0547189008961,872.1385069185088,1,2015-02-13
20,2015-02-22,2015-02-26,4,995.0,4,0.0,1008.0,948.0,933.7401826235521,924.4538391440452,870.1016853528611,976.2785841848167,1,2015-02-13
20,2015-02-23,2015-02-27,4,771.0,5,0.0,831.0,782.0,722.4413408407115,773.7210936016515,691.9380936913159,831.5292491847583,1,2015-02-13
20,2015-02-24,2015-02-28,4,540.0,6,0.0,482.0,533.0,480.87158461326163,509.91396140025483,453.7175898275604,539.1295810443282,1,2015-02-13
20,2015-02-26,2015-03-02,4,946.0,1,1.0,859.0,977.0,1006.0429015312959,976.0532112864804,838.7771478954072,1069.9369619045842,1,2015-02-13
20,2015-02-27,2015-03-03,4,1051.0,2,1.0,820.0,657.0,930.4209294161044,865.1666147664808,756.6297923040847,997.6472783196207,1,2015-02-13
20,2015-02-28,2015-03-04,4,838.0,3,1.0,843.0,808.0,926.9752985347266,895.4382478570626,794.7425447551774,989.2585687083348,1,2015-02-13
20,2015-03-01,2015-03-05,4,981.0,4,1.0,995.0,1008.0,1030.7769875768113,1035.2516305495383,909.9586787604026,1085.6550045540969,1,2015-02-13
20,2015-03-02,2015-03-06,4,867.0,5,1.0,771.0,831.0,819.6781192608257,842.5837399771477,758.031310081435,885.3536394293694,1,2015-02-13
20,2015-03-03,2015-03-07,4,560.0,6,0.0,540.0,482.0,490.3491896491053,523.2234852147619,506.4244695150264,577.2449060667954,1,2015-02-13
20,2015-03-05,2015-03-09,4,982.0,1,0.0,946.0,859.0,909.3063662633944,882.6891224229624,853.3853733874865,937.5147655914406,1,2015-02-13
20,2015-03-06,2015-03-10,4,928.0,2,0.0,1051.0,820.0,836.4349096415013,809.272557826276,737.6580823881613,930.7241660562759,1,2015-02-13
20,2015-03-07,2015-03-11,4,797.0,3,0.0,838.0,843.0,832.4420531836644,813.5222376262001,757.853261925429,915.2213959280418,1,2015-02-13
20,2015-03-08,2015-03-12,4,970.0,4,0.0,981.0,995.0,937.7959663892508,992.8108687394038,844.7430618344424,1005.6133805578174,1,2015-02-13
20,2015-03-09,2015-03-13,4,732.0,5,0.0,867.0,771.0,734.480846031649,777.8232941541014,761.6057912000699,852.1129700635571,1,2015-02-13
20,2015-03-10,2015-03-14,4,556.0,6,0.0,560.0,540.0,497.2412757727239,521.3089457645397,508.24747692887047,556.4957879092417,1,2015-02-13
20,2015-03-12,2015-03-16,4,1020.0,1,1.0,982.0,946.0,1017.0313928350776,1010.7121620568981,891.5590175965547,1059.3698170476296,1,2015-02-13
20,2015-03-13,2015-03-17,4,1002.0,2,1.0,928.0,1051.0,944.330577263617,921.7871612952407,827.6210052633393,976.6949142548522,1,2015-02-13
20,2015-03-14,2015-03-18,4,1030.0,3,1.0,797.0,838.0,939.4335612249861,899.5613478622558,801.2863225895376,926.9492303781371,1,2015-02-13
20,2015-03-15,2015-03-19,4,1065.0,4,1.0,970.0,981.0,1047.0518167237299,1039.6633028563606,906.8863155409657,1093.628392566364,1,2015-02-13
20,2015-03-16,2015-03-20,4,815.0,5,1.0,732.0,867.0,841.8258533891658,858.2264131092747,775.0688633465783,893.8159466817857,1,2015-02-13
20,2015-03-17,2015-03-21,4,520.0,6,0.0,556.0,560.0,512.6848869582707,531.3438035046745,528.0822759417338,550.3351035814989,1,2015-02-13
20,2015-03-19,2015-03-23,4,958.0,1,0.0,1020.0,982.0,947.686684171014,938.4273400415146,868.5327023015753,963.4047858124302,1,2015-02-13
20,2015-03-20,2015-03-24,4,926.0,2,0.0,1002.0,928.0,876.4733336135888,886.1997925265772,840.0556083904657,957.35290863313,1,2015-02-13
20,2015-03-21,2015-03-25,4,906.0,3,0.0,1030.0,797.0,869.3650668414748,877.2802785899405,764.5632991035467,920.2384388899625,1,2015-02-13
20,2015-03-22,2015-03-26,4,946.0,4,0.0,1065.0,970.0,976.5545740152938,1007.1834446177145,880.4627348436886,1007.1834446177145,1,2015-02-13
20,2015-03-23,2015-03-27,4,834.0,5,0.0,815.0,732.0,771.6021656672627,785.7425470958252,691.6835105990945,817.708311539731,1,2015-02-13
1,2015-02-09,2015-02-14,5,624.0,6,0.0,599.0,638.0,599.531271669946,625.903042023325,537.2538736360212,642.4678692270304,1,2015-02-13
1,2015-02-11,2015-02-16,5,478.0,1,1.0,501.0,669.0,619.7271241125122,599.4997415932125,529.6122593367903,613.1151590134095,1,2015-02-13
1,2015-02-12,2015-02-17,5,512.0,2,1.0,419.0,596.0,578.5811406139442,526.6723021277305,514.8927940292663,577.6688623991893,1,2015-02-13
1,2015-02-13,2015-02-18,5,509.0,3,1.0,501.0,544.0,577.555348041048,536.2405296377872,516.3494423570382,561.6199920184947,1,2015-02-13
1,2015-02-14,2015-02-19,5,507.0,4,1.0,477.0,551.0,568.4212397415741,554.6497176234835,528.3308197577792,583.4429153822825,1,2015-02-13
1,2015-02-15,2015-02-20,5,548.0,5,1.0,630.0,604.0,600.4615516123912,600.3861024097807,534.3608774060159,619.7601178397107,1,2015-02-13
1,2015-02-16,2015-02-21,5,547.0,6,0.0,624.0,599.0,583.2134447262448,619.3195489770724,519.5810733805758,635.651931004918,1,2015-02-13
1,2015-02-18,2015-02-23,5,454.0,1,0.0,478.0,501.0,526.0854618193382,504.3517064381248,477.8021609306048,573.5929519215977,1,2015-02-13
1,2015-02-19,2015-02-24,5,500.0,2,0.0,512.0,419.0,486.1449806673782,481.33304248257673,468.80369841858027,519.4618104772587,1,2015-02-13
1,2015-02-20,2015-02-25,5,512.0,3,0.0,509.0,501.0,480.3166210673243,493.7687712185318,485.3695044781409,533.9745902948665,1,2015-02-13
1,2015-02-21,2015-02-26,5,489.0,4,0.0,507.0,477.0,470.46679155820476,521.2909069548458,490.6074959405193,559.325337297281,1,2015-02-13
1,2015-02-22,2015-02-27,5,542.0,5,0.0,548.0,630.0,505.04068055707,582.1547675106253,512.2343438133726,621.2818953200576,1,2015-02-13
1,2015-02-23,2015-02-28,5,640.0,6,0.0,547.0,624.0,573.2778568355748,645.792699045246,512.7111361602427,645.792699045246,1,2015-02-13
1,2015-02-25,2015-03-02,5,669.0,1,1.0,454.0,478.0,606.7251688171184,623.3284111973679,547.6207951481283,639.4262434711189,1,2015-02-13
1,2015-02-26,2015-03-03,5,576.0,2,1.0,500.0,512.0,571.6141217603109,587.3067910475717,533.220282749758,619.8548968873018,1,2015-02-13
1,2015-02-27,2015-03-04,5,597.0,3,1.0,512.0,509.0,571.8647204189394,557.9255341506586,527.3910105403554,592.0379729015308,1,2015-02-13
1,2015-02-28,2015-03-05,5,534.0,4,1.0,489.0,507.0,566.5621514075655,600.5021629085496,544.2445355927919,628.858085881434,1,2015-02-13
1,2015-03-01,2015-03-06,5,579.0,5,1.0,542.0,548.0,602.8957207285088,621.3330719163794,556.5321633587123,652.2524237466184,1,2015-02-13
1,2015-03-02,2015-03-07,5,570.0,6,0.0,640.0,547.0,600.0140560891829,612.7572528067822,540.53771511797,617.6847397262268,1,2015-02-13
1,2015-03-04,2015-03-09,5,485.0,1,0.0,669.0,454.0,554.8552144333673,493.463911431434,478.6004291815276,532.4857925840796,1,2015-02-13
1,2015-03-05,2015-03-10,5,491.0,2,0.0,576.0,500.0,517.2411706267361,483.4687745168635,457.9880816128968,527.1250180011058,1,2015-02-13
1,2015-03-06,2015-03-11,5,521.0,3,0.0,597.0,512.0,514.1523000765043,492.38098007673864,468.58903414608136,543.6353169831885,1,2015-02-13
1,2015-03-07,2015-03-12,5,405.0,4,0.0,534.0,489.0,505.32528597240236,488.1648070786182,472.4240091711929,537.7180802704004,1,2015-02-13
1,2015-03-08,2015-03-13,5,493.0,5,0.0,579.0,542.0,540.7029598844719,558.3360160374282,491.8031338731735,615.3858014653697,1,2015-02-13
1,2015-03-09,2015-03-14,5,599.0,6,0.0,570.0,640.0,609.3786224332481,633.6140370272743,524.28777328763,650.760832005878,1,2015-02-13
1,2015-03-11,2015-03-16,5,605.0,1,1.0,485.0,669.0,637.4894321281329,582.8881072953312,519.174092302213,608.8387476280787,1,2015-02-13
1,2015-03-12,2015-03-17,5,555.0,2,1.0,491.0,576.0,596.6573853667068,565.4694600834059,506.4752726467528,609.9047503588018,1,2015-02-13
1,2015-03-13,2015-03-18,5,504.0,3,1.0,521.0,597.0,591.8366804816784,542.6331437255283,514.623242734056,601.2766361987601,1,2015-02-13
1,2015-03-14,2015-03-19,5,535.0,4,1.0,405.0,534.0,580.4136246923574,554.5672284690269,507.0282491095644,584.4467009279929,1,2015-02-13
1,2015-03-15,2015-03-20,5,472.0,5,1.0,493.0,579.0,614.0701415775201,541.4377214138854,514.0998063894497,591.3307118757455,1,2015-02-13
1,2015-03-16,2015-03-21,5,506.0,6,0.0,599.0,570.0,603.3327223688215,600.1294226464639,513.1851100354556,600.1294226464639,1,2015-02-13
1,2015-03-18,2015-03-23,5,495.0,1,0.0,605.0,485.0,543.6755053112496,505.5373961476609,469.050509289517,570.8367142519627,1,2015-02-13
1,2015-03-19,2015-03-24,5,464.0,2,0.0,555.0,491.0,501.70609668965886,484.8698852629811,469.2866283864658,538.4941826115772,1,2015-02-13
1,2015-03-20,2015-03-25,5,447.0,3,0.0,504.0,521.0,489.7736981037189,474.16459535067634,435.77057438170135,543.7692235632305,1,2015-02-13
1,2015-03-21,2015-03-26,5,490.0,4,0.0,535.0,405.0,472.45810539079554,465.0264777820738,457.01537905840013,532.7737649060913,1,2015-02-13
1,2015-03-22,2015-03-27,5,529.0,5,0.0,472.0,493.0,503.49720326597986,481.18014243571906,468.9348200306151,573.9904877691063,1,2015-02-13
20,2015-02-09,2015-02-14,5,533.0,6,0.0,485.0,517.0,453.83211266593577,475.9375856521864,429.2416402665265,510.93464225071966,1,2015-02-13
20,2015-02-11,2015-02-16,5,977.0,1,1.0,815.0,877.0,962.1262856560847,960.4498787598876,866.27735852961,1000.9765673840922,1,2015-02-13
20,2015-02-12,2015-02-17,5,657.0,2,1.0,829.0,936.0,893.1984540604343,881.9059957062357,790.4893202856131,931.5797540818515,1,2015-02-13
20,2015-02-13,2015-02-18,5,808.0,3,1.0,814.0,884.0,893.9851639061221,868.461605510734,790.8900884279586,894.7490237307712,1,2015-02-13
20,2015-02-14,2015-02-19,5,1008.0,4,1.0,948.0,943.0,1003.0992238295376,962.5926964974968,896.0997243786217,1022.4872114156915,1,2015-02-13
20,2015-02-15,2015-02-20,5,831.0,5,1.0,782.0,769.0,798.3120651516015,777.6747514947233,719.3302146966307,826.7270993149522,1,2015-02-13
20,2015-02-16,2015-02-21,5,482.0,6,0.0,533.0,485.0,489.9615880963182,502.06158571579743,477.77262705620376,538.1658647286077,1,2015-02-13
20,2015-02-18,2015-02-23,5,859.0,1,0.0,977.0,815.0,905.0432490975832,893.6034093812374,861.539758254147,934.6196910615979,1,2015-02-13
20,2015-02-19,2015-02-24,5,820.0,2,0.0,657.0,829.0,830.1940215785706,782.5461483447566,647.1547979585547,865.8839683940477,1,2015-02-13
20,2015-02-20,2015-02-25,5,843.0,3,0.0,808.0,814.0,827.892658099295,825.652871094801,745.840533788161,879.6453994935127,1,2015-02-13
20,2015-02-21,2015-02-26,5,995.0,4,0.0,1008.0,948.0,933.7401826235521,931.6669650304821,885.241231085246,975.4658797091786,1,2015-02-13
20,2015-02-22,2015-02-27,5,771.0,5,0.0,831.0,782.0,727.424877254116,778.1995967723172,689.0832950549275,827.3247806945158,1,2015-02-13
20,2015-02-23,2015-02-28,5,540.0,6,0.0,482.0,533.0,481.0635417898269,500.9539886652058,473.12336837339757,540.0572180818319,1,2015-02-13
20,2015-02-25,2015-03-02,5,946.0,1,1.0,859.0,977.0,1002.5089001018298,977.5113812039133,839.8513612116564,1069.6736773894359,1,2015-02-13
20,2015-02-26,2015-03-03,5,1051.0,2,1.0,820.0,657.0,928.4933293124534,873.0559195988106,722.2688666209616,999.8370542521106,1,2015-02-13
20,2015-02-27,2015-03-04,5,838.0,3,1.0,843.0,808.0,923.9946624591336,906.8634537480622,809.5980611339452,967.6985374455265,1,2015-02-13
20,2015-02-28,2015-03-05,5,981.0,4,1.0,995.0,1008.0,1030.7769875768113,1018.0946642236918,896.7979346005754,1106.2464770047388,1,2015-02-13
20,2015-03-01,2015-03-06,5,867.0,5,1.0,771.0,831.0,822.9820750107734,865.846941248985,748.4177284685212,889.3100480829629,1,2015-02-13
20,2015-03-02,2015-03-07,5,560.0,6,0.0,540.0,482.0,484.1963156662454,507.08052620585033,488.37261445795417,549.8900970811935,1,2015-02-13
20,2015-03-04,2015-03-09,5,982.0,1,0.0,946.0,859.0,910.774273558797,901.9578612659976,850.3727429085274,933.6824582117011,1,2015-02-13
20,2015-03-05,2015-03-10,5,928.0,2,0.0,1051.0,820.0,834.2275754944085,813.2658276174199,743.4998762503898,908.2390029119567,1,2015-02-13
20,2015-03-06,2015-03-11,5,797.0,3,0.0,838.0,843.0,828.2189389337541,812.1526437852222,777.183223792657,896.1912850193152,1,2015-02-13
20,2015-03-07,2015-03-12,5,970.0,4,0.0,981.0,995.0,937.7959663892508,963.9641055234398,849.7170010102415,1003.8230888578448,1,2015-02-13
20,2015-03-08,2015-03-13,5,732.0,5,0.0,867.0,771.0,732.5014276389494,793.7528411245636,760.1383361034399,837.8155398838817,1,2015-02-13
20,2015-03-09,2015-03-14,5,556.0,6,0.0,560.0,540.0,492.9541780553073,530.6842369058833,501.0022939214921,555.2059265436317,1,2015-02-13
20,2015-03-11,2015-03-16,5,1020.0,1,1.0,982.0,946.0,1016.5213646174174,1019.01185429721,903.9455281877366,1068.1874927231488,1,2015-02-13
20,2015-03-12,2015-03-17,5,1002.0,2,1.0,928.0,1051.0,943.5917927702928,925.2696975845201,823.3156266716375,985.7500985119951,1,2015-02-13
20,2015-03-13,2015-03-18,5,1030.0,3,1.0,797.0,838.0,935.926015719769,880.9285637022462,810.8421026348374,917.2401956959541,1,2015-02-13
20,2015-03-14,2015-03-19,5,1065.0,4,1.0,970.0,981.0,1047.0518167237299,1040.4661849511726,897.4630511886977,1105.8254357213118,1,2015-02-13
20,2015-03-15,2015-03-20,5,815.0,5,1.0,732.0,867.0,842.7518056246219,856.851834219493,740.099259321552,913.0557921130932,1,2015-02-13
20,2015-03-16,2015-03-21,5,520.0,6,0.0,556.0,560.0,510.61995390357805,518.0235770472308,509.5198719797041,551.7547145893351,1,2015-02-13
20,2015-03-18,2015-03-23,5,958.0,1,0.0,1020.0,982.0,947.142441205448,926.9397783734039,859.9885427621988,961.5489356659408,1,2015-02-13
20,2015-03-19,2015-03-24,5,926.0,2,0.0,1002.0,928.0,876.3635289345467,889.369654725321,832.6979961685971,967.7608802825442,1,2015-02-13
20,2015-03-20,2015-03-25,5,906.0,3,0.0,1030.0,797.0,869.2298580420398,897.008609829929,785.3612621734857,920.677807668716,1,2015-02-13
20,2015-03-21,2015-03-26,5,946.0,4,0.0,1065.0,970.0,976.5545740152938,992.7733132413834,889.2392864336343,1018.1301488695294,1,2015-02-13
20,2015-03-22,2015-03-27,5,834.0,5,0.0,815.0,732.0,772.0660388580854,785.4932352706254,674.671379917585,817.4787227515048,1,2015-02-13
1,2015-02-08,2015-02-14,6,624.0,6,0.0,599.0,638.0,601.3952694742995,625.6578655385816,536.6561964168307,663.7971216237818,1,2015-02-13
1,2015-02-10,2015-02-16,6,478.0,1,1.0,501.0,669.0,620.5187366660371,602.9037031605521,540.1014620813166,620.5879146268429,1,2015-02-13
1,2015-02-11,2015-02-17,6,512.0,2,1.0,419.0,596.0,578.7278718523422,529.1517474316335,529.1517474316335,581.063318727988,1,2015-02-13
1,2015-02-12,2015-02-18,6,509.0,3,1.0,501.0,544.0,572.4824483666262,519.8625305344158,509.3313827678227,576.0033397201969,1,2015-02-13
1,2015-02-13,2015-02-19,6,507.0,4,1.0,477.0,551.0,566.634246999703,541.8056924030467,526.7584980844164,603.7102118744122,1,2015-02-13
1,2015-02-14,2015-02-20,6,548.0,5,1.0,630.0,604.0,600.4615516123912,589.5278653857584,537.3542337833928,627.1407364296126,1,2015-02-13
1,2015-02-15,2015-02-21,6,547.0,6,0.0,624.0,599.0,590.2398191959077,612.9042256700624,536.1326360165627,652.0589202465403,1,2015-02-13
1,2015-02-17,2015-02-23,6,454.0,1,0.0,478.0,501.0,527.9885794064603,534.8770190682915,483.3196572765611,586.6738189057935,1,2015-02-13
1,2015-02-18,2015-02-24,6,500.0,2,0.0,512.0,419.0,487.3374322381159,490.60909410816663,481.56263484080637,538.1577065977056,1,2015-02-13
1,2015-02-19,2015-02-25,6,512.0,3,0.0,509.0,501.0,481.95132945373877,506.334204635281,493.08084428005975,550.382717186918,1,2015-02-13
1,2015-02-20,2015-02-26,6,489.0,4,0.0,507.0,477.0,471.6512145612342,536.9382025088906,493.78447561424395,582.8633595163485,1,2015-02-13
1,2015-02-21,2015-02-27,6,542.0,5,0.0,548.0,630.0,505.04068055707,596.6028050876495,513.1328136726462,621.0140144926346,1,2015-02-13
1,2015-02-22,2015-02-28,6,640.0,6,0.0,547.0,624.0,576.132451533141,635.6257287534474,522.2076186756254,635.6257287534474,1,2015-02-13
1,2015-02-24,2015-03-02,6,669.0,1,1.0,454.0,478.0,605.5850843668306,613.6021486463438,533.0461629909025,636.4511114309381,1,2015-02-13
1,2015-02-25,2015-03-03,6,576.0,2,1.0,500.0,512.0,571.2887156647756,578.3073953553024,539.8335498411394,615.3842497966797,1,2015-02-13
1,2015-02-26,2015-03-04,6,597.0,3,1.0,512.0,509.0,569.8346977546336,565.7716661617601,511.9808395305183,610.5879192123284,1,2015-02-13
1,2015-02-27,2015-03-05,6,534.0,4,1.0,489.0,507.0,565.0767872515421,595.8605685116146,529.6837726541639,644.6582351674708,1,2015-02-13
1,2015-02-28,2015-03-06,6,579.0,5,1.0,542.0,548.0,602.8957207285088,613.8407477224816,557.4470252958787,670.5989915797358,1,2015-02-13
1,2015-03-01,2015-03-07,6,570.0,6,0.0,640.0,547.0,597.4686167649569,611.4991106589479,542.0707483008074,623.3960045343904,1,2015-02-13
1,2015-03-03,2015-03-09,6,485.0,1,0.0,669.0,454.0,554.2615398388666,496.47114875604814,476.7127658601628,544.9874237773065,1,2015-02-13
1,2015-03-04,2015-03-10,6,491.0,2,0.0,576.0,500.0,518.7816584823154,478.56191924786117,466.3656677986391,546.6585106644807,1,2015-02-13
1,2015-03-05,2015-03-11,6,521.0,3,0.0,597.0,512.0,515.1750311502728,496.94335471685986,465.4920871578838,550.2929203682196,1,2015-02-13
1,2015-03-06,2015-03-12,6,405.0,4,0.0,534.0,489.0,506.08515722673485,491.8273996972358,471.37226717682563,549.6664324739107,1,2015-02-13
1,2015-03-07,2015-03-13,6,493.0,5,0.0,579.0,542.0,540.7029598844719,565.7276229216786,497.8145353450955,610.2353593683089,1,2015-02-13
1,2015-03-08,2015-03-14,6,599.0,6,0.0,570.0,640.0,611.8908127796694,637.391833388723,530.9603785797906,649.8118025361997,1,2015-02-13
1,2015-03-10,2015-03-16,6,605.0,1,1.0,485.0,669.0,637.2433753228769,574.8696867752021,532.6601225148377,626.1955523972858,1,2015-02-13
1,2015-03-11,2015-03-17,6,555.0,2,1.0,491.0,576.0,599.8562701821504,560.705688565019,517.3623514202791,614.3693677709255,1,2015-02-13
1,2015-03-12,2015-03-18,6,504.0,3,1.0,521.0,597.0,592.7983107549019,554.5302785978595,511.4182335517927,606.7847470188777,1,2015-02-13
1,2015-03-13,2015-03-19,6,535.0,4,1.0,405.0,534.0,580.4597675140742,557.1443553363422,513.3766419920066,586.5126072612213,1,2015-02-13
1,2015-03-14,2015-03-20,6,472.0,5,1.0,493.0,579.0,614.0701415775201,541.0377456641651,518.315923415737,609.3627601101681,1,2015-02-13
1,2015-03-15,2015-03-21,6,506.0,6,0.0,599.0,570.0,604.8192798074259,599.4049877740218,508.0532844881782,619.7353032557052,1,2015-02-13
1,2015-03-17,2015-03-23,6,495.0,1,0.0,605.0,485.0,547.3681701292656,529.276103900582,475.19307666752206,580.0315401402412,1,2015-02-13
1,2015-03-18,2015-03-24,6,464.0,2,0.0,555.0,491.0,503.7668612073449,482.7312358639934,461.15843541187866,550.0994052795218,1,2015-02-13
1,2015-03-19,2015-03-25,6,447.0,3,0.0,504.0,521.0,495.24909913233654,482.3186370623142,438.95096137674255,543.6671589638241,1,2015-02-13
1,2015-03-20,2015-03-26,6,490.0,4,0.0,535.0,405.0,476.92496513993837,483.96433342976275,457.9064291769318,551.035047419205,1,2015-02-13
1,2015-03-21,2015-03-27,6,529.0,5,0.0,472.0,493.0,503.49720326597986,508.72473355909443,467.8877049024036,576.7988251561808,1,2015-02-13
20,2015-02-08,2015-02-14,6,533.0,6,0.0,485.0,517.0,459.544936395179,479.12445135389817,445.1974221953061,516.6163611674974,1,2015-02-13
20,2015-02-10,2015-02-16,6,977.0,1,1.0,815.0,877.0,962.0487548676579,960.5565966725939,871.7919130531649,1003.4246644162702,1,2015-02-13
20,2015-02-11,2015-02-17,6,657.0,2,1.0,829.0,936.0,891.0919425426112,884.5011638229053,806.1384753898321,947.241918990269,1,2015-02-13
20,2015-02-12,2015-02-18,6,808.0,3,1.0,814.0,884.0,888.3394868800966,847.379049195704,807.5607762859133,900.2982503551898,1,2015-02-13
20,2015-02-13,2015-02-19,6,1008.0,4,1.0,948.0,943.0,999.74589321644,967.191140528769,888.7842989502255,1034.7774036107476,1,2015-02-13
20,2015-02-14,2015-02-20,6,831.0,5,1.0,782.0,769.0,798.3120651516015,794.4055775844625,715.3285851701254,823.4845051003247,1,2015-02-13
20,2015-02-15,2015-02-21,6,482.0,6,0.0,533.0,485.0,490.99374417517913,506.1111700900576,480.9186748065745,540.7081551093432,1,2015-02-13
20,2015-02-17,2015-02-23,6,859.0,1,0.0,977.0,815.0,908.8500400451901,897.513358447828,879.4329396040171,927.4425952452364,1,2015-02-13
20,2015-02-18,2015-02-24,6,820.0,2,0.0,657.0,829.0,829.1062595790825,769.4693460532075,645.9407069384318,870.2223508616197,1,2015-02-13
20,2015-02-19,2015-02-25,6,843.0,3,0.0,808.0,814.0,825.2359961262658,812.1443759101935,784.9450268276154,875.5294242578412,1,2015-02-13
20,2015-02-20,2015-02-26,6,995.0,4,0.0,1008.0,948.0,932.4338443502107,951.0396186991844,889.9284160133654,994.1360690629458,1,2015-02-13
20,2015-02-21,2015-02-27,6,771.0,5,0.0,831.0,782.0,727.424877254116,786.6333545919513,692.5389291551263,825.1679385783614,1,2015-02-13
20,2015-02-22,2015-02-28,6,540.0,6,0.0,482.0,533.0,485.43036976296014,504.9177016304839,460.17666006723846,544.6688169826753,1,2015-02-13
20,2015-02-24,2015-03-02,6,946.0,1,1.0,859.0,977.0,1001.1998632524468,982.5938789215163,871.4039885041492,1064.460825327824,1,2015-02-13
20,2015-02-25,2015-03-03,6,1051.0,2,1.0,820.0,657.0,925.2646856124971,893.4329876691278,725.3887714692825,998.403650410246,1,2015-02-13
20,2015-02-26,2015-03-04,6,838.0,3,1.0,843.0,808.0,922.4230551445215,903.0428344563395,818.6210307608836,969.3675973534179,1,2015-02-13
20,2015-02-27,2015-03-05,6,981.0,4,1.0,995.0,1008.0,1028.0576535778828,1019.1195533788228,894.3485818981168,1082.6548229315247,1,2015-02-13
20,2015-02-28,2015-03-06,6,867.0,5,1.0,771.0,831.0,822.9820750107734,854.9954077342323,751.0310345613186,873.6366168120074,1,2015-02-13
20,2015-03-01,2015-03-07,6,560.0,6,0.0,540.0,482.0,487.3214114609635,505.51525755888224,491.6454121873364,552.2737876442831,1,2015-02-13
20,2015-03-03,2015-03-09,6,982.0,1,0.0,946.0,859.0,915.4343269922814,906.953241832418,849.0198477595542,941.6834223626935,1,2015-02-13
20,2015-03-04,2015-03-10,6,928.0,2,0.0,1051.0,820.0,835.8687449453529,810.2960095955962,753.1331537907456,905.010879702754,1,2015-02-13
20,2015-03-05,2015-03-11,6,797.0,3,0.0,838.0,843.0,826.0052708091828,840.3451656459991,784.9970301105718,890.2415703049312,1,2015-02-13
20,2015-03-06,2015-03-12,6,970.0,4,0.0,981.0,995.0,933.4963443503003,983.9765067022898,848.4289107881403,994.6493668037594,1,2015-02-13
20,2015-03-07,2015-03-13,6,732.0,5,0.0,867.0,771.0,732.5014276389494,802.3168221297133,764.8385267486349,838.1435075837826,1,2015-02-13
20,2015-03-08,2015-03-14,6,556.0,6,0.0,560.0,540.0,491.2724254897947,526.5636103918764,509.0082852258419,567.4857873026274,1,2015-02-13
20,2015-03-10,2015-03-16,6,1020.0,1,1.0,982.0,946.0,1017.9893604278506,1030.181735939405,906.4295412801579,1083.8271240998279,1,2015-02-13
20,2015-03-11,2015-03-17,6,1002.0,2,1.0,928.0,1051.0,943.5279800497931,941.391468726787,826.8357795985042,977.8447486632354,1,2015-02-13
20,2015-03-12,2015-03-18,6,1030.0,3,1.0,797.0,838.0,935.4542820106354,896.1139776746725,818.92311292125,918.4087796861456,1,2015-02-13
20,2015-03-13,2015-03-19,6,1065.0,4,1.0,970.0,981.0,1043.6351088592799,1046.1152794424042,904.8622514854027,1094.5005034204064,1,2015-02-13
20,2015-03-14,2015-03-20,6,815.0,5,1.0,732.0,867.0,842.7518056246219,847.0547847972233,738.6688455262157,913.892253784993,1,2015-02-13
20,2015-03-15,2015-03-21,6,520.0,6,0.0,556.0,560.0,511.40755079748544,520.1976124435342,512.4742596484328,554.9087757870428,1,2015-02-13
20,2015-03-17,2015-03-23,6,958.0,1,0.0,1020.0,982.0,943.333510767109,937.0888272034714,873.2309766950834,961.2659068585368,1,2015-02-13
20,2015-03-18,2015-03-24,6,926.0,2,0.0,1002.0,928.0,875.6657658670503,882.2479174913848,832.2066107547403,958.8736272979319,1,2015-02-13
20,2015-03-19,2015-03-25,6,906.0,3,0.0,1030.0,797.0,869.2637891548084,880.4575083690376,789.1239159401977,907.3696326032646,1,2015-02-13
20,2015-03-20,2015-03-26,6,946.0,4,0.0,1065.0,970.0,976.5379963838578,1018.9413609034249,900.6994379559386,1023.0862254520902,1,2015-02-13
20,2015-03-21,2015-03-27,6,834.0,5,0.0,815.0,732.0,772.0660388580854,796.7210768211933,671.7520440513906,805.4505434982501,1,2015-02-13
1,2015-02-07,2015-02-14,7,624.0,6,0.0,599.0,638.0,601.3952694742995,643.0081558296904,534.3598829492225,655.2947657803189,1,2015-02-13
1,2015-02-09,2015-02-16,7,478.0,1,1.0,501.0,669.0,625.808168583673,604.411393940318,546.9273587120922,604.5825057201317,1,2015-02-13
1,2015-02-10,2015-02-17,7,512.0,2,1.0,419.0,596.0,579.5224597378705,527.2785257250704,527.2785257250704,573.3726785269474,1,2015-02-13
1,2015-02-11,2015-02-18,7,509.0,3,1.0,501.0,544.0,572.6173643900435,531.3477400974791,511.5651345548587,570.489380455035,1,2015-02-13
1,2015-02-12,2015-02-19,7,507.0,4,1.0,477.0,551.0,561.6489235911462,538.4835331153931,520.821819577367,594.9681456526587,1,2015-02-13
1,2015-02-13,2015-02-20,7,548.0,5,1.0,630.0,604.0,598.6860957013515,589.7750693366692,532.9160140360142,622.0461455016627,1,2015-02-13
1,2015-02-14,2015-02-21,7,547.0,6,0.0,624.0,599.0,590.2398191959077,617.222525267019,534.6988659592106,657.4097742358651,1,2015-02-13
1,2015-02-16,2015-02-23,7,454.0,1,0.0,478.0,501.0,531.062152092923,532.7368725986383,473.25481176540575,575.1805020781086,1,2015-02-13
1,2015-02-17,2015-02-24,7,500.0,2,0.0,512.0,419.0,489.2115645510669,487.56737642167025,484.99747571546703,527.6550129902166,1,2015-02-13
1,2015-02-18,2015-02-25,7,512.0,3,0.0,509.0,501.0,482.9926194762363,508.7169452112618,492.5403483223157,541.5162039561202,1,2015-02-13
1,2015-02-19,2015-02-26,7,489.0,4,0.0,507.0,477.0,473.28093344098295,558.0025203757722,495.9903414585728,591.7684503774424,1,2015-02-13
1,2015-02-20,2015-02-27,7,542.0,5,0.0,548.0,630.0,506.1991091508465,600.4429329211636,517.2631644655897,629.7512506514648,1,2015-02-13
1,2015-02-21,2015-02-28,7,640.0,6,0.0,547.0,624.0,576.132451533141,644.6809043925857,521.4165485697877,644.6809043925857,1,2015-02-13
1,2015-02-23,2015-03-02,7,669.0,1,1.0,454.0,478.0,604.6024601810666,620.6397526378779,537.8195430027615,620.6397526378779,1,2015-02-13
1,2015-02-24,2015-03-03,7,576.0,2,1.0,500.0,512.0,570.1528309287269,585.5593546837723,543.3233100965382,594.0798012405388,1,2015-02-13
1,2015-02-25,2015-03-04,7,597.0,3,1.0,512.0,509.0,569.5591273729747,558.2767806922193,517.6481944501203,588.9069520360976,1,2015-02-13
1,2015-02-26,2015-03-05,7,534.0,4,1.0,489.0,507.0,563.0289125963991,579.6949618523156,519.637444534533,623.8861391798949,1,2015-02-13
1,2015-02-27,2015-03-06,7,579.0,5,1.0,542.0,548.0,601.4741938425025,614.3642303077118,554.2619566554112,661.7132559746792,1,2015-02-13
1,2015-02-28,2015-03-07,7,570.0,6,0.0,640.0,547.0,597.4686167649569,610.3188192883206,540.8379271017646,620.8148056682409,1,2015-02-13
1,2015-03-02,2015-03-09,7,485.0,1,0.0,669.0,454.0,554.2185236859516,504.71131570888537,471.90722142051845,521.7547955606309,1,2015-02-13
1,2015-03-03,2015-03-10,7,491.0,2,0.0,576.0,500.0,518.1548966395776,491.9945048590191,454.16936469123965,516.2575577002433,1,2015-02-13
1,2015-03-04,2015-03-11,7,521.0,3,0.0,597.0,512.0,516.6640109277685,491.9115365835245,480.24940635770054,519.0716812422113,1,2015-02-13
1,2015-03-05,2015-03-12,7,405.0,4,0.0,534.0,489.0,507.06801916170144,488.8480529926338,464.8191564925004,531.8133962129918,1,2015-02-13
1,2015-03-06,2015-03-13,7,493.0,5,0.0,579.0,542.0,541.4827536265353,577.6230437996297,501.1557292374473,602.4563770683123,1,2015-02-13
1,2015-03-07,2015-03-14,7,599.0,6,0.0,570.0,640.0,611.8908127796694,623.5206077928422,516.5854885567207,631.5422624542009,1,2015-02-13
1,2015-03-09,2015-03-16,7,605.0,1,1.0,485.0,669.0,637.9204641037145,571.5658629900397,531.0860782017129,592.5402387024147,1,2015-02-13
1,2015-03-10,2015-03-17,7,555.0,2,1.0,491.0,576.0,599.6387957330452,564.5636039997441,515.4392664643625,612.6310133065559,1,2015-02-13
1,2015-03-11,2015-03-18,7,504.0,3,1.0,521.0,597.0,595.9502721184997,545.293411078961,515.1066986218798,596.7433531250219,1,2015-02-13
1,2015-03-12,2015-03-19,7,535.0,4,1.0,405.0,534.0,581.5061620862583,556.4365290299282,517.2244376656662,586.7766126487982,1,2015-02-13
1,2015-03-13,2015-03-20,7,472.0,5,1.0,493.0,579.0,614.0749734441166,547.6603486185463,508.8169531107454,582.9491558219704,1,2015-02-13
1,2015-03-14,2015-03-21,7,506.0,6,0.0,599.0,570.0,604.8192798074259,587.3612945667834,522.55522472042,596.0768659082667,1,2015-02-13
1,2015-03-16,2015-03-23,7,495.0,1,0.0,605.0,485.0,548.2950861660861,532.8400785924586,479.3422353348743,571.8413755004055,1,2015-02-13
1,2015-03-17,2015-03-24,7,464.0,2,0.0,555.0,491.0,507.38793485522706,491.685673674066,471.33872470781864,536.7896044288665,1,2015-02-13
1,2015-03-18,2015-03-25,7,447.0,3,0.0,504.0,521.0,497.395521230965,466.3940617840518,430.63483180280525,517.7619158652647,1,2015-02-13
1,2015-03-19,2015-03-26,7,490.0,4,0.0,535.0,405.0,482.2684401167846,479.553108232862,455.6683472741649,523.9822836894391,1,2015-02-13
1,2015-03-20,2015-03-27,7,529.0,5,0.0,472.0,493.0,507.970547691208,505.60718569919976,463.3912981491142,569.6733184286734,1,2015-02-13
20,2015-02-07,2015-02-14,7,533.0,6,0.0,485.0,517.0,459.544936395179,479.7276431592236,446.7335653164146,519.2062928680127,1,2015-02-13
20,2015-02-09,2015-02-16,7,977.0,1,1.0,815.0,877.0,958.271523653294,968.2536870975615,881.5072873049122,993.8773158076549,1,2015-02-13
20,2015-02-10,2015-02-17,7,657.0,2,1.0,829.0,936.0,890.887247485133,887.5206109874904,783.6314764606753,944.6623366892561,1,2015-02-13
20,2015-02-11,2015-02-18,7,808.0,3,1.0,814.0,884.0,886.1021880141734,869.11183542417,806.2967421174646,869.11183542417,1,2015-02-13
20,2015-02-12,2015-02-19,7,1008.0,4,1.0,948.0,943.0,993.966403739031,948.6575392563855,888.5957708972231,1023.8870582660842,1,2015-02-13
20,2015-02-13,2015-02-20,7,831.0,5,1.0,782.0,769.0,794.9011690330104,796.3339723743225,718.3586623615197,824.6235987128935,1,2015-02-13
20,2015-02-14,2015-02-21,7,482.0,6,0.0,533.0,485.0,490.99374417517913,496.383413815581,482.49175728743506,531.9825646415753,1,2015-02-13
20,2015-02-16,2015-02-23,7,859.0,1,0.0,977.0,815.0,919.5870481313749,908.9031436657426,868.3995560418526,948.0562197298891,1,2015-02-13
20,2015-02-17,2015-02-24,7,820.0,2,0.0,657.0,829.0,832.7757067213015,785.7311214005325,680.1392768980427,838.4939936108457,1,2015-02-13
20,2015-02-18,2015-02-25,7,843.0,3,0.0,808.0,814.0,823.8705669265875,816.1056260663281,779.3172566130893,867.8802007561811,1,2015-02-13
20,2015-02-19,2015-02-26,7,995.0,4,0.0,1008.0,948.0,929.870567067835,947.1497318311744,888.5617285001762,993.851335416827,1,2015-02-13
20,2015-02-20,2015-02-27,7,771.0,5,0.0,831.0,782.0,725.8797603501272,792.0106462157875,715.8424874120607,855.7675536763371,1,2015-02-13
20,2015-02-21,2015-02-28,7,540.0,6,0.0,482.0,533.0,485.43036976296014,516.9732513920287,470.81683275371756,542.2034426509705,1,2015-02-13
20,2015-02-23,2015-03-02,7,946.0,1,1.0,859.0,977.0,1001.355024291611,943.4247954965998,835.58360965972,1064.688151959241,1,2015-02-13
20,2015-02-24,2015-03-03,7,1051.0,2,1.0,820.0,657.0,924.101572510728,866.6114240986551,741.9582698834816,981.6054836646466,1,2015-02-13
20,2015-02-25,2015-03-04,7,838.0,3,1.0,843.0,808.0,919.0500119885091,904.4806963865701,804.8900023455714,957.0816459956701,1,2015-02-13
20,2015-02-26,2015-03-05,7,981.0,4,1.0,995.0,1008.0,1026.4356526825502,1026.1790010457187,914.486791971335,1099.5777869705041,1,2015-02-13
20,2015-02-27,2015-03-06,7,867.0,5,1.0,771.0,831.0,820.2275843201307,856.6723591980852,778.3462366721851,900.7470262277191,1,2015-02-13
20,2015-02-28,2015-03-07,7,560.0,6,0.0,540.0,482.0,487.3214114609635,497.790168636757,490.29129728833993,534.6247675475516,1,2015-02-13
20,2015-03-02,2015-03-09,7,982.0,1,0.0,946.0,859.0,909.5501090981711,901.2725698776997,853.6972164922357,962.9784616375744,1,2015-02-13
20,2015-03-03,2015-03-10,7,928.0,2,0.0,1051.0,820.0,840.349091234634,821.4609325147402,733.9883519374748,909.4436342300877,1,2015-02-13
20,2015-03-04,2015-03-11,7,797.0,3,0.0,838.0,843.0,827.3646825830418,812.0111300567894,777.1580400145353,896.054105776763,1,2015-02-13
20,2015-03-05,2015-03-12,7,970.0,4,0.0,981.0,995.0,931.3683775578321,966.584733229841,845.9430124382683,1001.9335936260492,1,2015-02-13
20,2015-03-06,2015-03-13,7,732.0,5,0.0,867.0,771.0,727.8942906619409,804.4103981773933,759.9136076202401,871.9020370386663,1,2015-02-13
20,2015-03-07,2015-03-14,7,556.0,6,0.0,560.0,540.0,491.2724254897947,525.1376018995801,508.0262338774814,549.7583817478844,1,2015-02-13
20,2015-03-09,2015-03-16,7,1020.0,1,1.0,982.0,946.0,1014.0543674124992,1007.9804176855027,910.9044610657414,1061.3239575129253,1,2015-02-13
20,2015-03-10,2015-03-17,7,1002.0,2,1.0,928.0,1051.0,944.81199866462,932.631763954264,821.7276878663561,984.8565689118683,1,2015-02-13
20,2015-03-11,2015-03-18,7,1030.0,3,1.0,797.0,838.0,935.0282278049688,884.2028254313168,810.6585869431324,909.9403204800309,1,2015-02-13
20,2015-03-12,2015-03-19,7,1065.0,4,1.0,970.0,981.0,1043.0953510278728,1042.3655045420355,925.0913604099665,1101.920854076761,1,2015-02-13
20,2015-03-13,2015-03-20,7,815.0,5,1.0,732.0,867.0,839.2770630460476,844.9559710702023,762.7073861941084,911.3029355718869,1,2015-02-13
20,2015-03-14,2015-03-21,7,520.0,6,0.0,556.0,560.0,511.40755079748544,507.94180401800213,507.94180401800213,540.5704577641133,1,2015-02-13
20,2015-03-16,2015-03-23,7,958.0,1,0.0,1020.0,982.0,941.1757714575739,933.3630212940483,890.1301060900863,976.8712057468017,1,2015-02-13
20,2015-03-17,2015-03-24,7,926.0,2,0.0,1002.0,928.0,871.9667085612244,891.7780619925643,840.8944404703559,956.6519017938583,1,2015-02-13
20,2015-03-18,2015-03-25,7,906.0,3,0.0,1030.0,797.0,868.7157668832499,879.2576589133519,782.254102490311,918.0713453182731,1,2015-02-13
20,2015-03-19,2015-03-26,7,946.0,4,0.0,1065.0,970.0,976.5313251752251,1003.484467615368,921.74501494186,1003.9367492347429,1,2015-02-13
20,2015-03-20,2015-03-27,7,834.0,5,0.0,815.0,732.0,771.8882480108912,806.4473307219727,707.9711627704382,834.3966606926942,1,2015-02-13
1,2015-03-27,2015-03-28,1,605.0,6,0.0,506.0,599.0,568.9341871677337,575.944066867583,514.4047070643342,621.9654569643611,2,2015-03-27
1,2015-03-29,2015-03-30,1,697.0,1,1.0,495.0,605.0,587.1671621824601,619.0073458819552,571.4166358701291,679.4062364629775,2,2015-03-27
1,2015-03-30,2015-03-31,1,589.0,2,1.0,464.0,555.0,553.7368436033435,603.1839430381366,547.976865840356,624.9035658961602,2,2015-03-27
1,2015-03-31,2015-04-01,1,707.0,3,1.0,447.0,504.0,642.6655116113584,586.8911108795991,540.6554437534531,611.2399459690772,2,2015-03-27
1,2015-04-01,2015-04-02,1,722.0,4,1.0,490.0,535.0,762.7423359520076,619.7314333227332,488.80864245137093,693.5599835885573,2,2015-03-27
1,2015-04-03,2015-04-04,1,796.0,6,0.0,605.0,506.0,705.8595816365764,625.5079224752308,517.0788756754962,655.8128971914726,2,2015-03-27
1,2015-04-06,2015-04-07,1,555.0,2,0.0,589.0,464.0,516.2737512732895,540.8711307534555,506.4094930052455,685.9009656366123,2,2015-03-27
1,2015-04-07,2015-04-08,1,500.0,3,0.0,707.0,447.0,458.49573838016664,521.8157854651649,463.1547881448439,612.5132875583747,2,2015-03-27
1,2015-04-08,2015-04-09,1,430.0,4,0.0,722.0,490.0,450.37029800575345,497.2094267763887,465.8518287626993,545.6768993653288,2,2015-03-27
1,2015-04-09,2015-04-10,1,428.0,5,0.0,498.0,529.0,481.20705762270353,502.4491253597101,475.4557912244903,626.3001925703554,2,2015-03-27
1,2015-04-10,2015-04-11,1,525.0,6,0.0,796.0,605.0,549.8360291491256,528.0984494196513,484.83695264565955,578.312452928881,2,2015-03-27
1,2015-04-12,2015-04-13,1,574.0,1,1.0,599.0,697.0,572.3348308590479,599.2410178500758,574.7593551374218,659.5611569947482,2,2015-03-27
1,2015-04-13,2015-04-14,1,535.0,2,1.0,555.0,589.0,532.5715094331151,562.4412888618068,516.468978365007,597.3556132456313,2,2015-03-27
1,2015-04-14,2015-04-15,1,501.0,3,1.0,500.0,707.0,527.5775655032414,532.0586741213017,485.82014217227015,575.306249801705,2,2015-03-27
1,2015-04-15,2015-04-16,1,480.0,4,1.0,430.0,722.0,515.6254052905518,504.60528551503376,477.58391459924445,571.1027164079208,2,2015-03-27
1,2015-04-16,2015-04-17,1,511.0,5,1.0,428.0,476.3333333333333,547.8025842114183,522.731240633766,477.28298197505234,557.5646380016173,2,2015-03-27
1,2015-04-17,2015-04-18,1,544.0,6,0.0,525.0,796.0,538.3299716815341,538.4531167032876,498.6966058598727,589.6382545448743,2,2015-03-27
1,2015-04-19,2015-04-20,1,480.0,1,0.0,574.0,588.6666666666666,488.5441173292945,525.897490607214,478.38980331188685,630.1474947916871,2,2015-03-27
1,2015-04-20,2015-04-21,1,416.0,2,0.0,535.0,555.0,452.0172643466351,480.9063948595463,457.2094620543657,516.3027794515804,2,2015-03-27
1,2015-04-21,2015-04-22,1,411.0,3,0.0,501.0,500.0,447.2618036429149,472.1272740873441,450.68141558783196,555.0544004101605,2,2015-03-27
1,2015-04-22,2015-04-23,1,426.0,4,0.0,480.0,430.0,436.9498814742139,466.00450549711616,441.50075185127383,589.7468863986761,2,2015-03-27
1,2015-04-23,2015-04-24,1,437.0,5,0.0,511.0,428.0,471.55811252096913,486.61549497205624,469.4912681131745,539.8804913485317,2,2015-03-27
1,2015-04-24,2015-04-25,1,537.0,6,0.0,544.0,525.0,544.4435605561223,530.9682666508639,475.82777194898415,681.2120605083579,2,2015-03-27
1,2015-04-26,2015-04-27,1,574.0,1,1.0,480.0,574.0,576.3390707536752,607.834247099939,538.0607388600511,666.1871913898478,2,2015-03-27
1,2015-04-27,2015-04-28,1,552.0,2,1.0,416.0,535.0,539.8288726933426,567.7988192010155,510.52782622873167,591.4254859832897,2,2015-03-27
1,2015-04-28,2015-04-29,1,579.0,3,1.0,411.0,501.0,538.3581305302736,554.8417918015077,517.223726894356,586.8645567986654,2,2015-03-27
1,2015-04-29,2015-04-30,1,650.0,4,1.0,426.0,480.0,528.9211642045634,583.0686828489878,476.61141678103854,628.5270268970801,2,2015-03-27
1,2015-05-01,2015-05-02,1,653.0,6,0.0,537.0,544.0,569.6379109032434,646.8013174869554,535.4669054137366,699.8128602625627,2,2015-03-27
1,2015-05-03,2015-05-04,1,589.0,1,1.0,574.0,480.0,606.5099514335526,659.412333966039,589.1945771926809,700.3930409754703,2,2015-03-27
1,2015-05-04,2015-05-05,1,514.0,2,1.0,552.0,416.0,569.073032991826,577.6147697522667,540.2014557327145,610.3632975651169,2,2015-03-27
1,2015-05-05,2015-05-06,1,536.0,3,1.0,579.0,411.0,564.0558250157474,533.5550885817293,499.7008867920336,555.8539237173495,2,2015-03-27
1,2015-05-06,2015-05-07,1,491.0,4,1.0,650.0,426.0,554.3467407637095,527.123219892127,513.5734698419748,562.7351336810303,2,2015-03-27
1,2015-05-07,2015-05-08,1,536.0,5,1.0,458.6666666666667,437.0,584.412732732576,541.1946006832919,474.96461267029525,558.0152248151697,2,2015-03-27
20,2015-03-27,2015-03-28,1,604.0,6,0.0,520.0,556.0,538.4737643079521,520.4149166486374,509.1784626312669,578.4638578050768,2,2015-03-27
20,2015-03-29,2015-03-30,1,1001.0,1,1.0,958.0,1020.0,1033.7145673747798,1047.5225344758928,910.8341066271811,1121.1173112167278,2,2015-03-27
20,2015-03-30,2015-03-31,1,839.0,2,1.0,926.0,1002.0,959.3069723908304,998.9130314732863,884.1913480917924,1075.7205460207715,2,2015-03-27
20,2015-03-31,2015-04-01,1,969.0,3,1.0,906.0,1030.0,945.4239672945328,946.3023253454386,879.1932455266775,995.9440050327279,2,2015-03-27
20,2015-04-01,2015-04-02,1,1007.0,4,1.0,946.0,1065.0,1117.3524073599842,1086.70094689605,814.4429171880647,1127.9804705871313,2,2015-03-27
20,2015-04-03,2015-04-04,1,505.0,6,0.0,604.0,520.0,588.7944974787781,582.5372564452092,531.3761984972027,663.6110789130132,2,2015-03-27
20,2015-04-06,2015-04-07,1,1002.0,2,0.0,839.0,926.0,891.6587406609596,917.2632946799306,854.3048181498873,938.8071840223837,2,2015-03-27
20,2015-04-07,2015-04-08,1,900.0,3,0.0,969.0,906.0,863.9180639973378,859.7846741970586,826.9794989659786,909.2136196667414,2,2015-03-27
20,2015-04-08,2015-04-09,1,1005.0,4,0.0,1007.0,946.0,969.9610905988093,975.028096174458,844.4456883811565,1015.4688597584634,2,2015-03-27
20,2015-04-09,2015-04-10,1,801.0,5,0.0,793.6666666666666,834.0,766.2805472742752,768.5278495059941,748.8719688831931,803.6311230990482,2,2015-03-27
20,2015-04-10,2015-04-11,1,559.0,6,0.0,505.0,604.0,556.5800366021876,523.0023014962691,507.5917647439883,614.1688216010538,2,2015-03-27
20,2015-04-12,2015-04-13,1,1051.0,1,1.0,993.0,1001.0,1074.7931255843794,1052.4679296445754,912.1511081757322,1124.5235042344727,2,2015-03-27
20,2015-04-13,2015-04-14,1,1032.0,2,1.0,1002.0,839.0,999.0879641027641,969.1736726696307,896.8787709914141,1045.381944710795,2,2015-03-27
20,2015-04-14,2015-04-15,1,977.0,3,1.0,900.0,969.0,993.2200562033693,1003.98961073216,907.8351024975987,1041.0470954369782,2,2015-03-27
20,2015-04-15,2015-04-16,1,1134.0,4,1.0,1005.0,1007.0,1094.7175009223374,1095.6769599406637,946.1397496696793,1121.6443462580044,2,2015-03-27
20,2015-04-16,2015-04-17,1,734.0,5,1.0,801.0,816.6666666666666,890.3189372168052,901.1346237792137,768.737259690123,924.092490806972,2,2015-03-27
20,2015-04-17,2015-04-18,1,570.0,6,0.0,559.0,505.0,549.7508599144473,543.6799994964498,498.8472429661602,619.3999772216023,2,2015-03-27
20,2015-04-19,2015-04-20,1,1006.0,1,0.0,1051.0,1003.3333333333334,976.1846068742834,947.7246168421724,828.3547314468032,1003.852567512751,2,2015-03-27
20,2015-04-20,2015-04-21,1,939.0,2,0.0,1032.0,1002.0,901.8620846242354,913.847302102921,867.3782529625088,968.7811450915433,2,2015-03-27
20,2015-04-21,2015-04-22,1,906.0,3,0.0,977.0,900.0,893.9733059511734,908.6046753034503,857.134853543539,950.796766051203,2,2015-03-27
20,2015-04-22,2015-04-23,1,959.0,4,0.0,1134.0,1005.0,997.328432941949,1003.1874719261612,904.0775479058167,1014.6422754129158,2,2015-03-27
20,2015-04-23,2015-04-24,1,781.0,5,0.0,734.0,801.0,785.2302996011522,781.3831838659219,712.6348306271801,783.7838410957504,2,2015-03-27
20,2015-04-24,2015-04-25,1,592.0,6,0.0,570.0,559.0,542.9631820439362,549.7330289972618,507.36997259254446,627.8139993404112,2,2015-03-27
20,2015-04-26,2015-04-27,1,1076.0,1,1.0,1006.0,1051.0,1058.865801830891,1057.8865568680803,912.4360377933185,1109.741741132098,2,2015-03-27
20,2015-04-27,2015-04-28,1,772.0,2,1.0,939.0,1032.0,982.4911541271013,988.3932880890119,906.6278232932914,1060.233562589744,2,2015-03-27
20,2015-04-28,2015-04-29,1,1000.0,3,1.0,906.0,977.0,963.4652497814811,983.9917564323647,894.4764854583073,1015.6079472289108,2,2015-03-27
20,2015-04-29,2015-04-30,1,1177.0,4,1.0,959.0,1134.0,1087.72934496112,1092.2444351676775,812.6056237105137,1140.8412343069735,2,2015-03-27
20,2015-05-01,2015-05-02,1,637.0,6,0.0,592.0,570.0,525.9552790597834,589.247429318174,529.3512211230986,662.6650920323514,2,2015-03-27
20,2015-05-03,2015-05-04,1,1060.0,1,1.0,1076.0,1006.0,1042.5224286997218,1035.3039606074342,894.8688738806029,1129.1721785431505,2,2015-03-27
20,2015-05-04,2015-05-05,1,984.0,2,1.0,772.0,939.0,964.8033788139153,976.3790324691166,897.9752548057282,1046.9842072661393,2,2015-03-27
20,2015-05-05,2015-05-06,1,875.0,3,1.0,1000.0,906.0,956.775280211922,976.0215115596991,884.6758670130209,1020.5258583360117,2,2015-03-27
20,2015-05-06,2015-05-07,1,1110.0,4,1.0,1177.0,959.0,1055.5853554225857,1062.143371549615,884.8414756048454,1111.8072254942308,2,2015-03-27
20,2015-05-07,2015-05-08,1,825.0,5,1.0,772.0,781.0,847.5589018147109,829.5270190142086,758.5206544372625,882.5337853550739,2,2015-03-27
1,2015-03-26,2015-03-28,2,605.0,6,0.0,506.0,599.0,568.3079222503885,573.5260855412744,512.3695333596894,641.207416849425,2,2015-03-27
1,2015-03-28,2015-03-30,2,697.0,1,1.0,495.0,605.0,587.1671621824601,614.467536243324,553.4138688062553,663.071163960923,2,2015-03-27
1,2015-03-29,2015-03-31,2,589.0,2,1.0,464.0,555.0,546.5617374600057,582.083384643951,534.7654946551866,598.3241295046905,2,2015-03-27
1,2015-03-30,2015-04-01,2,707.0,3,1.0,447.0,504.0,640.1401983363367,594.6824064945947,549.2750112028955,654.4409337365979,2,2015-03-27
1,2015-03-31,2015-04-02,2,722.0,4,1.0,490.0,535.0,761.2140795650339,573.5245942962785,475.27375691149047,620.0454744996244,2,2015-03-27
1,2015-04-02,2015-04-04,2,796.0,6,0.0,605.0,506.0,705.8595816365764,603.8876317404943,510.98022630636666,643.7134282829383,2,2015-03-27
1,2015-04-05,2015-04-07,2,555.0,2,0.0,589.0,464.0,516.2737512732895,530.2021538330798,474.414166854053,597.7094546282906,2,2015-03-27
1,2015-04-06,2015-04-08,2,500.0,3,0.0,707.0,447.0,457.24828281057785,516.5698391713214,441.7234044574863,631.260116542732,2,2015-03-27
1,2015-04-07,2015-04-09,2,430.0,4,0.0,722.0,490.0,446.3621573755081,513.6161671833876,454.48730180559403,577.8067039681296,2,2015-03-27
1,2015-04-08,2015-04-10,2,428.0,5,0.0,498.0,529.0,481.9965144814656,523.3492152905947,472.59316548301916,669.661918292216,2,2015-03-27
1,2015-04-09,2015-04-11,2,525.0,6,0.0,796.0,605.0,551.9759815499089,552.0416823128988,545.6325334069516,653.5212140862634,2,2015-03-27
1,2015-04-11,2015-04-13,2,574.0,1,1.0,599.0,697.0,572.3348308590479,600.5212680436739,559.0012884674849,644.5272197553409,2,2015-03-27
1,2015-04-12,2015-04-14,2,535.0,2,1.0,555.0,589.0,532.7052055507771,583.6055206922083,544.9352076109138,625.0123681756133,2,2015-03-27
1,2015-04-13,2015-04-15,2,501.0,3,1.0,500.0,707.0,527.518107167499,560.8298054002489,507.1846051502355,614.8174200664657,2,2015-03-27
1,2015-04-14,2015-04-16,2,480.0,4,1.0,430.0,722.0,516.5995052147364,553.8290453275025,500.0308538776423,614.8720205026168,2,2015-03-27
1,2015-04-15,2015-04-17,2,511.0,5,1.0,428.0,476.3333333333333,548.7998681995673,501.0949957675771,484.4708710007372,603.3904151553146,2,2015-03-27
1,2015-04-16,2015-04-18,2,544.0,6,0.0,525.0,796.0,540.973154987954,560.3959012367601,520.9787226159976,603.3678070779025,2,2015-03-27
1,2015-04-18,2015-04-20,2,480.0,1,0.0,574.0,588.6666666666666,488.5441173292945,494.7692519829044,480.7907938364653,599.187557670984,2,2015-03-27
1,2015-04-19,2015-04-21,2,416.0,2,0.0,535.0,555.0,451.1607889882318,480.98764372038,463.55991740241626,553.5688246794352,2,2015-03-27
1,2015-04-20,2015-04-22,2,411.0,3,0.0,501.0,500.0,449.0436339414657,468.20056855409797,456.17347917159805,587.5198036065915,2,2015-03-27
1,2015-04-21,2015-04-23,2,426.0,4,0.0,480.0,430.0,438.4716847461139,467.7027703622959,444.1092509511291,605.5949556305609,2,2015-03-27
1,2015-04-22,2015-04-24,2,437.0,5,0.0,511.0,428.0,472.33675975079996,484.541025606018,464.69081180614705,562.4269113717072,2,2015-03-27
1,2015-04-23,2015-04-25,2,537.0,6,0.0,544.0,525.0,546.0862975372017,538.5314598697774,465.5447829756449,689.4783027850322,2,2015-03-27
1,2015-04-25,2015-04-27,2,574.0,1,1.0,480.0,574.0,576.3390707536752,598.0659369698508,549.6624918213048,648.1382217618855,2,2015-03-27
1,2015-04-26,2015-04-28,2,552.0,2,1.0,416.0,535.0,540.3145047584347,552.6197036022679,528.7820654082619,618.6429745227318,2,2015-03-27
1,2015-04-27,2015-04-29,2,579.0,3,1.0,411.0,501.0,538.05620634016,535.6468538989468,508.76376551423414,610.2959793904885,2,2015-03-27
1,2015-04-28,2015-04-30,2,650.0,4,1.0,426.0,480.0,526.9820146542007,550.6147701176963,501.20039782156766,626.3294084233057,2,2015-03-27
1,2015-04-30,2015-05-02,2,653.0,6,0.0,537.0,544.0,569.6379109032434,628.7122308244519,515.5060766988747,709.1673470880979,2,2015-03-27
1,2015-05-02,2015-05-04,2,589.0,1,1.0,574.0,480.0,606.5099514335526,618.615175756048,583.7407882033926,669.9419601211393,2,2015-03-27
1,2015-05-03,2015-05-05,2,514.0,2,1.0,552.0,416.0,569.6979851198504,612.9214802780597,561.0135611533284,625.9613909174559,2,2015-03-27
1,2015-05-04,2015-05-06,2,536.0,3,1.0,579.0,411.0,565.977768313336,556.0359590203515,548.427415348519,614.1631977526654,2,2015-03-27
1,2015-05-05,2015-05-07,2,491.0,4,1.0,650.0,426.0,556.0732695457637,527.124478144771,503.3368614249347,586.6284359752483,2,2015-03-27
1,2015-05-06,2015-05-08,2,536.0,5,1.0,458.6666666666667,437.0,587.4437473620393,557.7696578975747,500.54614630532024,587.2781211269809,2,2015-03-27
20,2015-03-26,2015-03-28,2,604.0,6,0.0,520.0,556.0,534.6444806607726,522.062879721893,480.82466629274194,561.7838525611808,2,2015-03-27
20,2015-03-28,2015-03-30,2,1001.0,1,1.0,958.0,1020.0,1033.7145673747798,1032.580050404446,904.7856741414959,1126.7550757749095,2,2015-03-27
20,2015-03-29,2015-03-31,2,839.0,2,1.0,926.0,1002.0,962.3279358905569,1004.8588540542332,885.410228854892,1083.9295203314423,2,2015-03-27
20,2015-03-30,2015-04-01,2,969.0,3,1.0,906.0,1030.0,948.4233988157224,947.8453504519446,866.1050438226689,1040.9412147611524,2,2015-03-27
20,2015-03-31,2015-04-02,2,1007.0,4,1.0,946.0,1065.0,1110.738496490661,1092.5911857071935,793.5000399385912,1133.5264620631885,2,2015-03-27
20,2015-04-02,2015-04-04,2,505.0,6,0.0,604.0,520.0,588.7944974787781,559.5671197945659,495.4703859742586,613.7569761850606,2,2015-03-27
20,2015-04-05,2015-04-07,2,1002.0,2,0.0,839.0,926.0,891.6587406609596,907.4491612804679,861.2435345281181,931.8288631420301,2,2015-03-27
20,2015-04-06,2015-04-08,2,900.0,3,0.0,969.0,906.0,859.4542056236932,850.4796675696998,788.6843753038738,899.2050405844975,2,2015-03-27
20,2015-04-07,2015-04-09,2,1005.0,4,0.0,1007.0,946.0,967.8212301823802,974.683267388491,869.019123759746,1004.9205021785331,2,2015-03-27
20,2015-04-08,2015-04-10,2,801.0,5,0.0,793.6666666666666,834.0,764.5225264552657,754.0766462736929,700.7435141513913,816.2906647820099,2,2015-03-27
20,2015-04-09,2015-04-11,2,559.0,6,0.0,505.0,604.0,554.5882034438328,534.5125225257918,507.7628663766721,620.3743467270327,2,2015-03-27
20,2015-04-11,2015-04-13,2,1051.0,1,1.0,993.0,1001.0,1074.7931255843794,1035.4902264446619,878.3140309696071,1129.4794257732237,2,2015-03-27
20,2015-04-12,2015-04-14,2,1032.0,2,1.0,1002.0,839.0,1001.1933899833864,980.6216328103314,878.3912122691014,1028.210377324727,2,2015-03-27
20,2015-04-13,2015-04-15,2,977.0,3,1.0,900.0,969.0,991.1987725781826,980.2654230824187,900.6516832493995,1028.0774190324255,2,2015-03-27
20,2015-04-14,2015-04-16,2,1134.0,4,1.0,1005.0,1007.0,1096.1189146991528,1085.3999199284756,923.4646649616234,1135.7029197328852,2,2015-03-27
20,2015-04-15,2015-04-17,2,734.0,5,1.0,801.0,816.6666666666666,888.100700345944,857.0765405724406,743.7147758088822,950.631763868119,2,2015-03-27
20,2015-04-16,2015-04-18,2,570.0,6,0.0,559.0,505.0,556.284689759284,554.7546955472792,500.74652785945244,628.6486970032214,2,2015-03-27
20,2015-04-18,2015-04-20,2,1006.0,1,0.0,1051.0,1003.3333333333334,976.1846068742834,962.9156592066187,816.4685584032708,1008.4517650817295,2,2015-03-27
20,2015-04-19,2015-04-21,2,939.0,2,0.0,1032.0,1002.0,901.8493510963574,914.2894073538654,854.8232273985165,980.8271969873435,2,2015-03-27
20,2015-04-20,2015-04-22,2,906.0,3,0.0,977.0,900.0,892.2587290870002,912.3659767617559,846.8706262020231,945.6526327834051,2,2015-03-27
20,2015-04-21,2015-04-23,2,959.0,4,0.0,1134.0,1005.0,996.5574936476621,1003.1891220031625,889.9506886027344,1011.8939775520751,2,2015-03-27
20,2015-04-22,2015-04-24,2,781.0,5,0.0,734.0,801.0,787.4718925355019,748.1606572458131,701.0755459639859,787.2899658392117,2,2015-03-27
20,2015-04-23,2015-04-25,2,592.0,6,0.0,570.0,559.0,542.5196628882202,553.5465623492739,511.38965922368544,610.083988833827,2,2015-03-27
20,2015-04-25,2015-04-27,2,1076.0,1,1.0,1006.0,1051.0,1058.865801830891,1052.9722670489884,888.4159451076066,1114.1679510417696,2,2015-03-27
20,2015-04-26,2015-04-28,2,772.0,2,1.0,939.0,1032.0,983.8350743709359,990.6268838288366,881.7717225770919,1074.4160149833995,2,2015-03-27
20,2015-04-27,2015-04-29,2,1000.0,3,1.0,906.0,977.0,971.7538818800823,1002.318935516023,892.9018473188486,1024.8499436692045,2,2015-03-27
20,2015-04-28,2015-04-30,2,1177.0,4,1.0,959.0,1134.0,1086.5044719647738,1085.440759065365,796.1728820125255,1134.479803150985,2,2015-03-27
20,2015-04-30,2015-05-02,2,637.0,6,0.0,592.0,570.0,525.9552790597834,575.592891811345,519.9625424594628,609.5705783992198,2,2015-03-27
20,2015-05-02,2015-05-04,2,1060.0,1,1.0,1076.0,1006.0,1042.5224286997218,1049.0927858619314,853.1081310409679,1118.4385948925133,2,2015-03-27
20,2015-05-03,2015-05-05,2,984.0,2,1.0,772.0,939.0,964.7025060933656,976.1373088754245,867.949547172153,1032.3004576939143,2,2015-03-27
20,2015-05-04,2015-05-06,2,875.0,3,1.0,1000.0,906.0,956.2470491241174,970.1899232791963,862.4742072102867,1028.5168358295584,2,2015-03-27
20,2015-05-05,2015-05-07,2,1110.0,4,1.0,1177.0,959.0,1058.9628922901995,1062.3751574830144,886.4270671231353,1130.1377261215453,2,2015-03-27
20,2015-05-06,2015-05-08,2,825.0,5,1.0,772.0,781.0,844.8676642214342,828.9026611067761,737.6900898646161,881.9816362830729,2,2015-03-27
1,2015-03-25,2015-03-28,3,605.0,6,0.0,506.0,599.0,567.5125640681812,570.532728381738,486.53617419453747,620.4062670019472,2,2015-03-27
1,2015-03-27,2015-03-30,3,697.0,1,1.0,495.0,605.0,586.2417535784439,629.9371297602137,551.1168504646673,666.102851489131,2,2015-03-27
1,2015-03-28,2015-03-31,3,589.0,2,1.0,464.0,555.0,546.5617374600057,578.9885404220037,537.0904910510092,606.1092356073441,2,2015-03-27
1,2015-03-29,2015-04-01,3,707.0,3,1.0,447.0,504.0,634.6928847070681,566.3966144469737,522.9266131400464,629.2240268486303,2,2015-03-27
1,2015-03-30,2015-04-02,3,722.0,4,1.0,490.0,535.0,757.9015125531107,570.3769358897823,485.42646006619196,635.4868243995229,2,2015-03-27
1,2015-04-01,2015-04-04,3,796.0,6,0.0,605.0,506.0,707.2624577468894,571.1570809986736,490.59220335650855,636.2830532584009,2,2015-03-27
1,2015-04-04,2015-04-07,3,555.0,2,0.0,589.0,464.0,516.2737512732895,525.544655151933,462.7196864299736,609.8401944548751,2,2015-03-27
1,2015-04-05,2015-04-08,3,500.0,3,0.0,707.0,447.0,457.24828281057785,513.2051868049668,453.5032349244801,608.6344270618633,2,2015-03-27
1,2015-04-06,2015-04-09,3,430.0,4,0.0,722.0,490.0,445.2172685944671,511.36948384110985,453.8698525110374,579.9529208961101,2,2015-03-27
1,2015-04-07,2015-04-10,3,428.0,5,0.0,498.0,529.0,477.88313681600454,514.6411060869174,457.33600952315794,649.0133049470571,2,2015-03-27
1,2015-04-08,2015-04-11,3,525.0,6,0.0,796.0,605.0,552.150677096475,552.945234267695,547.6301278633655,666.0241679449226,2,2015-03-27
1,2015-04-10,2015-04-13,3,574.0,1,1.0,599.0,697.0,574.9725242316964,594.1478281621444,592.6652978429728,651.9852636498028,2,2015-03-27
1,2015-04-11,2015-04-14,3,535.0,2,1.0,555.0,589.0,532.7052055507771,607.2103606072809,549.6338533284061,634.0307586938007,2,2015-03-27
1,2015-04-12,2015-04-15,3,501.0,3,1.0,500.0,707.0,527.7103967035957,588.4543172217946,508.17123610613913,622.3454870480662,2,2015-03-27
1,2015-04-13,2015-04-16,3,480.0,4,1.0,430.0,722.0,516.5265783991779,547.9616056115885,483.4283793955739,624.5068017305019,2,2015-03-27
1,2015-04-14,2015-04-17,3,511.0,5,1.0,428.0,476.3333333333333,549.8122952349901,511.0457348200926,478.1433768709317,593.3448565010306,2,2015-03-27
1,2015-04-15,2015-04-18,3,544.0,6,0.0,525.0,796.0,541.9270935497432,559.4151083161537,509.6752299066492,620.8633226300451,2,2015-03-27
1,2015-04-17,2015-04-20,3,480.0,1,0.0,574.0,588.6666666666666,489.0588287982801,504.0787055143672,482.02314793295454,608.4993421822128,2,2015-03-27
1,2015-04-18,2015-04-21,3,416.0,2,0.0,535.0,555.0,451.1607889882318,485.4749092009493,462.12195860151655,559.2302787279856,2,2015-03-27
1,2015-04-19,2015-04-22,3,411.0,3,0.0,501.0,500.0,448.1069975662313,478.0102485164039,457.6515679240575,606.2651384382262,2,2015-03-27
1,2015-04-20,2015-04-23,3,426.0,4,0.0,480.0,430.0,440.17697887821043,479.1373010407312,458.58648785211267,630.6722482827024,2,2015-03-27
1,2015-04-21,2015-04-24,3,437.0,5,0.0,511.0,428.0,473.8816098127371,495.447420812563,485.9735379230402,583.6965999158524,2,2015-03-27
1,2015-04-22,2015-04-25,3,537.0,6,0.0,544.0,525.0,546.9213555431257,547.289532041139,499.3697235974214,727.4270895118655,2,2015-03-27
1,2015-04-24,2015-04-27,3,574.0,1,1.0,480.0,574.0,577.693660629298,600.3555727272698,541.099842931107,658.5133442698765,2,2015-03-27
1,2015-04-25,2015-04-28,3,552.0,2,1.0,416.0,535.0,540.3145047584347,569.6914591937226,517.3502076124649,605.6904435966942,2,2015-03-27
1,2015-04-26,2015-04-29,3,579.0,3,1.0,411.0,501.0,538.5701509245453,554.9241348575825,513.8438762422023,620.4228385813191,2,2015-03-27
1,2015-04-27,2015-04-30,3,650.0,4,1.0,426.0,480.0,527.7732158695206,550.2390607296861,508.46207177130543,641.4431509235411,2,2015-03-27
1,2015-04-29,2015-05-02,3,653.0,6,0.0,537.0,544.0,565.1041866889279,606.6626637374868,509.22988903229555,680.6840535174514,2,2015-03-27
1,2015-05-01,2015-05-04,3,589.0,1,1.0,574.0,480.0,602.661241604354,617.9081782464237,556.3257345604264,655.276041056137,2,2015-03-27
1,2015-05-02,2015-05-05,3,514.0,2,1.0,552.0,416.0,569.6979851198504,594.2619009345199,543.3750051891576,652.7996795785095,2,2015-03-27
1,2015-05-03,2015-05-06,3,536.0,3,1.0,579.0,411.0,566.6353924734242,571.1408338478299,533.626526975495,623.0954996620698,2,2015-03-27
1,2015-05-04,2015-05-07,3,491.0,4,1.0,650.0,426.0,558.0270545160103,536.6005075495003,510.78047408058814,628.6589299865598,2,2015-03-27
1,2015-05-05,2015-05-08,3,536.0,5,1.0,458.6666666666667,437.0,589.1699732998933,548.584790438823,485.16300786128,598.6334922007395,2,2015-03-27
20,2015-03-25,2015-03-28,3,604.0,6,0.0,520.0,556.0,536.8478837191388,516.681607738861,477.3547973047558,558.1879984184701,2,2015-03-27
20,2015-03-27,2015-03-30,3,1001.0,1,1.0,958.0,1020.0,1030.0929016896948,1039.4932334675125,899.5722428709176,1098.1121384365995,2,2015-03-27
20,2015-03-28,2015-03-31,3,839.0,2,1.0,926.0,1002.0,962.3279358905569,1015.0351187967844,866.8829924493137,1081.2360120915337,2,2015-03-27
20,2015-03-29,2015-04-01,3,969.0,3,1.0,906.0,1030.0,954.1331553286192,951.7882095946577,890.9949453247917,1023.1644082274735,2,2015-03-27
20,2015-03-30,2015-04-02,3,1007.0,4,1.0,946.0,1065.0,1122.6374716334074,1081.0733094805166,840.0732482793412,1122.6209849083307,2,2015-03-27
20,2015-04-01,2015-04-04,3,505.0,6,0.0,604.0,520.0,589.4934739365767,535.155128052103,503.5221161511125,612.1281428683321,2,2015-03-27
20,2015-04-04,2015-04-07,3,1002.0,2,0.0,839.0,926.0,891.6587406609596,916.311596883893,839.4523860129684,938.6757584396613,2,2015-03-27
20,2015-04-05,2015-04-08,3,900.0,3,0.0,969.0,906.0,859.4542056236932,840.7430486065783,811.2463376289969,896.2151189777359,2,2015-03-27
20,2015-04-06,2015-04-09,3,1005.0,4,0.0,1007.0,946.0,963.7940090374348,967.0056800802784,867.0350408514255,991.4484265228368,2,2015-03-27
20,2015-04-07,2015-04-10,3,801.0,5,0.0,793.6666666666666,834.0,762.5248366277218,771.1407920282124,686.8730788738967,805.614259344144,2,2015-03-27
20,2015-04-08,2015-04-11,3,559.0,6,0.0,505.0,604.0,553.315238237275,533.6883057807114,513.798079337244,604.4062091319939,2,2015-03-27
20,2015-04-10,2015-04-13,3,1051.0,1,1.0,993.0,1001.0,1073.764082750709,1059.7074663203596,875.6939400647746,1115.6363738371476,2,2015-03-27
20,2015-04-11,2015-04-14,3,1032.0,2,1.0,1002.0,839.0,1001.1933899833864,982.0626706818135,879.7254816041245,1042.417571479692,2,2015-03-27
20,2015-04-12,2015-04-15,3,977.0,3,1.0,900.0,969.0,993.1127192495337,981.5648429119892,896.7245311252259,1040.5744523803894,2,2015-03-27
20,2015-04-13,2015-04-16,3,1134.0,4,1.0,1005.0,1007.0,1094.0975719780602,1098.3706209796158,911.0381938740328,1143.7506252010664,2,2015-03-27
20,2015-04-14,2015-04-17,3,734.0,5,1.0,801.0,816.6666666666666,889.5524191066283,866.7971994959229,759.7942337549972,916.5420644635254,2,2015-03-27
20,2015-04-15,2015-04-18,3,570.0,6,0.0,559.0,505.0,554.2215981410191,550.0948534054927,519.9432195577905,619.2876564813104,2,2015-03-27
20,2015-04-17,2015-04-20,3,1006.0,1,0.0,1051.0,1003.3333333333334,974.3697247131689,971.5451328868448,821.0253424136009,1013.4436071291968,2,2015-03-27
20,2015-04-18,2015-04-21,3,939.0,2,0.0,1032.0,1002.0,901.8493510963574,923.2489835663897,841.9155876223595,989.7208216646151,2,2015-03-27
20,2015-04-19,2015-04-22,3,906.0,3,0.0,977.0,900.0,892.2879384425725,925.651584930863,847.6593910536072,961.5729618125563,2,2015-03-27
20,2015-04-20,2015-04-23,3,959.0,4,0.0,1134.0,1005.0,994.8443795043017,1015.4185385987853,875.6004974872025,1048.718215400117,2,2015-03-27
20,2015-04-21,2015-04-24,3,781.0,5,0.0,734.0,801.0,786.7100572038058,761.1923158890578,685.8804844088112,780.6879331562318,2,2015-03-27
20,2015-04-22,2015-04-25,3,592.0,6,0.0,570.0,559.0,544.5473106627069,542.2857721040432,513.5518110620992,600.8926827574303,2,2015-03-27
20,2015-04-24,2015-04-27,3,1076.0,1,1.0,1006.0,1051.0,1055.4366897811044,1068.9159743918606,895.276812826393,1109.7459079623773,2,2015-03-27
20,2015-04-25,2015-04-28,3,772.0,2,1.0,939.0,1032.0,983.8350743709359,995.971275785668,878.809604566651,1057.5133911958558,2,2015-03-27
20,2015-04-26,2015-04-29,3,1000.0,3,1.0,906.0,977.0,972.7513492411135,991.983923651507,897.3073660990218,1046.6477149781472,2,2015-03-27
20,2015-04-27,2015-04-30,3,1177.0,4,1.0,959.0,1134.0,1093.6867791970813,1091.8882493487463,845.1088186518523,1126.091839121891,2,2015-03-27
20,2015-04-29,2015-05-02,3,637.0,6,0.0,592.0,570.0,522.8724077633717,537.8224770230781,523.1314051237391,608.2968222238153,2,2015-03-27
20,2015-05-01,2015-05-04,3,1060.0,1,1.0,1076.0,1006.0,1037.133216072061,1051.178395797807,891.7895934602612,1102.3579843359707,2,2015-03-27
20,2015-05-02,2015-05-05,3,984.0,2,1.0,772.0,939.0,964.7025060933656,962.7152968503982,857.0074914699792,1039.2536276551164,2,2015-03-27
20,2015-05-03,2015-05-06,3,875.0,3,1.0,1000.0,906.0,955.9111463636455,970.1809094535492,858.0721199424615,1034.0668514463403,2,2015-03-27
20,2015-05-04,2015-05-07,3,1110.0,4,1.0,1177.0,959.0,1058.4550255715462,1059.2900921179828,885.6276439378972,1111.515598933251,2,2015-03-27
20,2015-05-05,2015-05-08,3,825.0,5,1.0,772.0,781.0,848.1400235496334,822.778040603122,718.5853043941366,885.5462403436784,2,2015-03-27
1,2015-03-24,2015-03-28,4,605.0,6,0.0,506.0,599.0,569.4833751229006,583.2006184081421,509.6916391093697,620.6062306849554,2,2015-03-27
1,2015-03-26,2015-03-30,4,697.0,1,1.0,495.0,605.0,586.1523953004486,634.9839188529817,551.621175193384,654.7109838379013,2,2015-03-27
1,2015-03-27,2015-03-31,4,589.0,2,1.0,464.0,555.0,545.6331124754473,583.217610946597,532.4479528542091,607.6010794504998,2,2015-03-27
1,2015-03-28,2015-04-01,4,707.0,3,1.0,447.0,504.0,634.6928847070681,563.4758829937799,519.6775459927388,632.7229757092668,2,2015-03-27
1,2015-03-29,2015-04-02,4,722.0,4,1.0,490.0,535.0,752.9695163931124,550.0221119387545,479.6374734594527,643.0983454336658,2,2015-03-27
1,2015-03-31,2015-04-04,4,796.0,6,0.0,605.0,506.0,698.04305087324,572.5827794865578,490.43632774254723,623.9546359809392,2,2015-03-27
1,2015-04-03,2015-04-07,4,555.0,2,0.0,589.0,464.0,500.51701114328694,518.645882909125,454.2510016022754,601.1255197884204,2,2015-03-27
1,2015-04-04,2015-04-08,4,500.0,3,0.0,707.0,447.0,457.24828281057785,503.90623728137456,445.0639521853098,622.2562545102799,2,2015-03-27
1,2015-04-05,2015-04-09,4,430.0,4,0.0,722.0,490.0,445.2172685944671,501.72807289297594,441.24905998800625,585.8313873315581,2,2015-03-27
1,2015-04-06,2015-04-10,4,428.0,5,0.0,498.0,529.0,476.8054754657934,508.889839692635,482.6695244900311,655.4754460388758,2,2015-03-27
1,2015-04-07,2015-04-11,4,525.0,6,0.0,796.0,605.0,548.6463516761282,546.6793105524947,546.6793105524947,680.7415483914576,2,2015-03-27
1,2015-04-09,2015-04-13,4,574.0,1,1.0,599.0,697.0,576.9277443406479,614.448433473356,578.3615129060803,656.1416363177027,2,2015-03-27
1,2015-04-10,2015-04-14,4,535.0,2,1.0,555.0,589.0,535.4813143686813,612.0179574617415,553.0548805500162,648.8821772808798,2,2015-03-27
1,2015-04-11,2015-04-15,4,501.0,3,1.0,500.0,707.0,527.7103967035957,590.4159091835389,505.1590093062016,622.955142712053,2,2015-03-27
1,2015-04-12,2015-04-16,4,480.0,4,1.0,430.0,722.0,516.7763763376576,555.9154943523107,501.8433431352873,611.9161647849527,2,2015-03-27
1,2015-04-13,2015-04-17,4,511.0,5,1.0,428.0,476.3333333333333,549.7004913243618,523.6167369818924,483.79637434786434,641.439309094178,2,2015-03-27
1,2015-04-14,2015-04-18,4,544.0,6,0.0,525.0,796.0,542.851358824723,544.855329899179,506.78662046280164,625.7584074584688,2,2015-03-27
1,2015-04-16,2015-04-20,4,480.0,1,0.0,574.0,588.6666666666666,491.71909436036435,500.46824366288286,491.3653591955999,626.9543392295141,2,2015-03-27
1,2015-04-17,2015-04-21,4,416.0,2,0.0,535.0,555.0,451.78916767197825,486.7738797898231,452.8215016739635,563.3957092072021,2,2015-03-27
1,2015-04-18,2015-04-22,4,411.0,3,0.0,501.0,500.0,448.1069975662313,485.30596909648494,448.45124306399345,602.264666051098,2,2015-03-27
1,2015-04-19,2015-04-23,4,426.0,4,0.0,480.0,430.0,439.31030812913593,485.58629062351395,467.7264114342979,663.9264076832746,2,2015-03-27
1,2015-04-20,2015-04-24,4,437.0,5,0.0,511.0,428.0,475.61384700923355,497.5374680080611,485.97563567804445,594.4246579703483,2,2015-03-27
1,2015-04-21,2015-04-25,4,537.0,6,0.0,544.0,525.0,548.3824353443404,558.4030112673364,509.3447486843343,731.5257672861146,2,2015-03-27
1,2015-04-23,2015-04-27,4,574.0,1,1.0,480.0,574.0,579.3342431021871,623.9978116344545,544.8299251698147,662.3353130820209,2,2015-03-27
1,2015-04-24,2015-04-28,4,552.0,2,1.0,416.0,535.0,541.703699213538,585.3745109300187,534.6592692004514,629.2138496389252,2,2015-03-27
1,2015-04-25,2015-04-29,4,579.0,3,1.0,411.0,501.0,538.5701509245453,544.6312769540239,505.6345723144625,617.0686748175734,2,2015-03-27
1,2015-04-26,2015-04-30,4,650.0,4,1.0,426.0,480.0,527.2563134388766,548.1058398246233,498.6677807015541,633.1410259811637,2,2015-03-27
1,2015-04-28,2015-05-02,4,653.0,6,0.0,537.0,544.0,562.7552042921131,599.8624244241084,501.2941052362785,673.5599390272897,2,2015-03-27
1,2015-04-30,2015-05-04,4,589.0,1,1.0,574.0,480.0,602.661241604354,602.6537411738286,549.8619264715669,651.1024953102437,2,2015-03-27
1,2015-05-01,2015-05-05,4,514.0,2,1.0,552.0,416.0,565.8460775465458,583.8950286250601,544.2247502251444,632.8067083133126,2,2015-03-27
1,2015-05-02,2015-05-06,4,536.0,3,1.0,579.0,411.0,566.6353924734242,556.4486507201705,539.8293030237278,598.1656271689467,2,2015-03-27
1,2015-05-03,2015-05-07,4,491.0,4,1.0,650.0,426.0,558.6102090905497,536.1869711016012,526.5024950166564,609.8187177826106,2,2015-03-27
1,2015-05-04,2015-05-08,4,536.0,5,1.0,458.6666666666667,437.0,591.1159957112317,543.5353208283826,490.52682789135235,594.4547468470088,2,2015-03-27
20,2015-03-24,2015-03-28,4,604.0,6,0.0,520.0,556.0,534.5121272952731,521.6009409462681,479.25451042196653,551.6380050778718,2,2015-03-27
20,2015-03-26,2015-03-30,4,1001.0,1,1.0,958.0,1020.0,1026.2683768486802,1032.9599333996412,901.6363301940601,1089.4818045755023,2,2015-03-27
20,2015-03-27,2015-03-31,4,839.0,2,1.0,926.0,1002.0,958.7522076536715,1002.1482875669911,868.9090252335307,1079.5630572093128,2,2015-03-27
20,2015-03-28,2015-04-01,4,969.0,3,1.0,906.0,1030.0,954.1331553286192,958.8251001033275,878.6462525282909,1005.8763641804001,2,2015-03-27
20,2015-03-29,2015-04-02,4,1007.0,4,1.0,946.0,1065.0,1123.7047519761113,1090.8609019410376,856.9123715661641,1124.707274585072,2,2015-03-27
20,2015-03-31,2015-04-04,4,505.0,6,0.0,604.0,520.0,586.1447428863205,543.0942543952752,490.97863004710564,613.9911548651376,2,2015-03-27
20,2015-04-03,2015-04-07,4,1002.0,2,0.0,839.0,926.0,904.6181042283,918.4943269983003,848.311348830476,930.7711109967826,2,2015-03-27
20,2015-04-04,2015-04-08,4,900.0,3,0.0,969.0,906.0,859.4542056236932,844.241086765137,809.7289170477524,904.482658672981,2,2015-03-27
20,2015-04-05,2015-04-09,4,1005.0,4,0.0,1007.0,946.0,963.7940090374348,958.5239461202415,883.4445183168765,988.6142338386032,2,2015-03-27
20,2015-04-06,2015-04-10,4,801.0,5,0.0,793.6666666666666,834.0,758.6373363738776,751.3418479987214,712.1318689597235,796.9583605659059,2,2015-03-27
20,2015-04-07,2015-04-11,4,559.0,6,0.0,505.0,604.0,551.4714232602273,533.9889306755035,514.810831944104,609.3521417515798,2,2015-03-27
20,2015-04-09,2015-04-13,4,1051.0,1,1.0,993.0,1001.0,1072.1888937146955,1031.0610811767008,891.4846543983715,1109.437375321856,2,2015-03-27
20,2015-04-10,2015-04-14,4,1032.0,2,1.0,1002.0,839.0,1000.4316339960112,976.9981411224222,883.0607684454219,1052.49678904358,2,2015-03-27
20,2015-04-11,2015-04-15,4,977.0,3,1.0,900.0,969.0,993.1127192495337,985.9917494267572,898.8158668334634,1051.0712243288233,2,2015-03-27
20,2015-04-12,2015-04-16,4,1134.0,4,1.0,1005.0,1007.0,1096.0316931445168,1079.0461877042042,927.0985155761352,1115.6732806344282,2,2015-03-27
20,2015-04-13,2015-04-17,4,734.0,5,1.0,801.0,816.6666666666666,887.5498701046421,879.0538685932024,741.9128994178569,915.4865734664362,2,2015-03-27
20,2015-04-14,2015-04-18,4,570.0,6,0.0,559.0,505.0,555.5346547441436,525.1053906683459,514.8505663216599,600.4299248286661,2,2015-03-27
20,2015-04-16,2015-04-20,4,1006.0,1,0.0,1051.0,1003.3333333333334,980.5328086032114,986.9723600949633,831.3422458748809,1033.6825600287461,2,2015-03-27
20,2015-04-17,2015-04-21,4,939.0,2,0.0,1032.0,1002.0,900.5860171357715,921.061625133751,848.3535269383804,969.5764893243531,2,2015-03-27
20,2015-04-18,2015-04-22,4,906.0,3,0.0,977.0,900.0,892.2879384425725,914.4914570170922,847.2472227939293,948.7774906158688,2,2015-03-27
20,2015-04-19,2015-04-23,4,959.0,4,0.0,1134.0,1005.0,994.9052516284643,1017.9676166053929,889.2346394765406,1047.1450676538211,2,2015-03-27
20,2015-04-20,2015-04-24,4,781.0,5,0.0,734.0,801.0,785.0561188461238,764.3703634139786,688.3894401460481,774.1203786959173,2,2015-03-27
20,2015-04-21,2015-04-25,4,592.0,6,0.0,570.0,559.0,543.889791716568,559.7824022222302,512.9040781035983,614.7823725633598,2,2015-03-27
20,2015-04-23,2015-04-27,4,1076.0,1,1.0,1006.0,1051.0,1054.9235190515808,1031.7349092916736,901.87243327868,1104.8579547884342,2,2015-03-27
20,2015-04-24,2015-04-28,4,772.0,2,1.0,939.0,1032.0,980.5122262794129,979.65772694234,886.624058852606,1075.15054142987,2,2015-03-27
20,2015-04-25,2015-04-29,4,1000.0,3,1.0,906.0,977.0,972.7513492411135,1011.8390824228306,907.3290967881145,1054.901899810198,2,2015-03-27
20,2015-04-26,2015-04-30,4,1177.0,4,1.0,959.0,1134.0,1096.2675781721953,1099.6505614978012,864.6536812615083,1147.3958565689911,2,2015-03-27
20,2015-04-28,2015-05-02,4,637.0,6,0.0,592.0,570.0,521.8135586232286,550.479849186441,522.8928205206867,587.3411546822076,2,2015-03-27
20,2015-04-30,2015-05-04,4,1060.0,1,1.0,1076.0,1006.0,1037.133216072061,1033.2280734850117,897.7176810180166,1071.3293041382613,2,2015-03-27
20,2015-05-01,2015-05-05,4,984.0,2,1.0,772.0,939.0,959.2742924572467,995.4518385855858,874.215979355206,1027.2133533928345,2,2015-03-27
20,2015-05-02,2015-05-06,4,875.0,3,1.0,1000.0,906.0,955.9111463636455,981.832226133128,850.3467685543646,1020.469343299491,2,2015-03-27
20,2015-05-03,2015-05-07,4,1110.0,4,1.0,1177.0,959.0,1058.0970788725153,1035.0433258688215,899.6512702674287,1123.0255741974395,2,2015-03-27
20,2015-05-04,2015-05-08,4,825.0,5,1.0,772.0,781.0,847.5883952002779,799.0269836045702,712.9677067353622,882.2925762329807,2,2015-03-27
1,2015-03-23,2015-03-28,5,605.0,6,0.0,506.0,599.0,569.9592630019836,574.7349699207213,500.86436733238315,635.3241911077238,2,2015-03-27
1,2015-03-25,2015-03-30,5,697.0,1,1.0,495.0,605.0,584.8012805260694,622.7770417568354,551.2850973156708,654.3458313281577,2,2015-03-27
1,2015-03-26,2015-03-31,5,589.0,2,1.0,464.0,555.0,545.5727314389814,590.6900948369265,517.9310121086725,604.2869825614902,2,2015-03-27
1,2015-03-27,2015-04-01,5,707.0,3,1.0,447.0,504.0,634.1241322136884,566.2929678007555,520.6110792949389,628.0286465368102,2,2015-03-27
1,2015-03-28,2015-04-02,5,722.0,4,1.0,490.0,535.0,752.9695163931124,546.4944911103482,482.5124802562565,630.3412996802103,2,2015-03-27
1,2015-03-30,2015-04-04,5,796.0,6,0.0,605.0,506.0,696.3367378587538,564.8022959944803,485.9160764824368,612.9404394699708,2,2015-03-27
1,2015-04-02,2015-04-07,5,555.0,2,0.0,589.0,464.0,500.51701114328694,519.4131582304444,469.6923345223079,609.8270688322757,2,2015-03-27
1,2015-04-03,2015-04-08,5,500.0,3,0.0,707.0,447.0,454.86142379111294,499.3754501414354,423.8177638589807,619.7649863381638,2,2015-03-27
1,2015-04-04,2015-04-09,5,430.0,4,0.0,722.0,490.0,445.2172685944671,511.61981133103177,441.4702783419289,581.9005219539586,2,2015-03-27
1,2015-04-05,2015-04-10,5,428.0,5,0.0,498.0,529.0,476.8054754657934,515.3978689402908,462.61494227603316,666.1986311629407,2,2015-03-27
1,2015-04-06,2015-04-11,5,525.0,6,0.0,796.0,605.0,547.8282055553366,567.5883310451924,530.2807440699753,700.8826295252748,2,2015-03-27
1,2015-04-08,2015-04-13,5,574.0,1,1.0,599.0,697.0,576.95412074902,619.7449168344118,612.3952630929797,675.5823461835846,2,2015-03-27
1,2015-04-09,2015-04-14,5,535.0,2,1.0,555.0,589.0,537.312118775154,597.3466851010719,543.5188063193078,638.7871056095112,2,2015-03-27
1,2015-04-10,2015-04-15,5,501.0,3,1.0,500.0,707.0,530.5673307912311,583.6586590712108,511.39824245212884,638.9822674681379,2,2015-03-27
1,2015-04-11,2015-04-16,5,480.0,4,1.0,430.0,722.0,516.7763763376576,557.0501891513859,499.68699645815826,644.6222550823644,2,2015-03-27
1,2015-04-12,2015-04-17,5,511.0,5,1.0,428.0,476.3333333333333,549.916330030857,508.59202765718055,475.3448357928556,649.0379745436375,2,2015-03-27
1,2015-04-13,2015-04-18,5,544.0,6,0.0,525.0,796.0,542.7398035929438,571.2417821647365,506.23632427423667,654.9065203613794,2,2015-03-27
1,2015-04-15,2015-04-20,5,480.0,1,0.0,574.0,588.6666666666666,492.52067181662807,515.3990068911106,486.0813983705497,604.7236997285115,2,2015-03-27
1,2015-04-16,2015-04-21,5,416.0,2,0.0,535.0,555.0,454.4150719462754,481.28248604529284,453.5257488851206,569.592536663115,2,2015-03-27
1,2015-04-17,2015-04-22,5,411.0,3,0.0,501.0,500.0,448.79367577469895,474.540022593505,462.6730859401512,587.4312309694171,2,2015-03-27
1,2015-04-18,2015-04-23,5,426.0,4,0.0,480.0,430.0,439.31030812913593,492.92309879509406,470.2589524843299,641.4157953792467,2,2015-03-27
1,2015-04-19,2015-04-24,5,437.0,5,0.0,511.0,428.0,474.6092480467852,501.1627202120297,499.6011487610905,596.1335511484161,2,2015-03-27
1,2015-04-20,2015-04-25,5,537.0,6,0.0,544.0,525.0,549.9877438561696,573.9021539572163,501.8836853150237,724.481468288404,2,2015-03-27
1,2015-04-22,2015-04-27,5,574.0,1,1.0,480.0,574.0,580.1312578240615,611.2029997419816,545.8091852352644,653.2098611308691,2,2015-03-27
1,2015-04-23,2015-04-28,5,552.0,2,1.0,416.0,535.0,543.3427744159281,571.6695152871331,529.2174867775207,618.0212861686896,2,2015-03-27
1,2015-04-24,2015-04-29,5,579.0,3,1.0,411.0,501.0,539.9641534565296,560.3061414349391,519.2170344934527,624.2774258186157,2,2015-03-27
1,2015-04-25,2015-04-30,5,650.0,4,1.0,426.0,480.0,527.2563134388766,551.8576856230582,506.98353070566776,653.2724048033292,2,2015-03-27
1,2015-04-27,2015-05-02,5,653.0,6,0.0,537.0,544.0,562.6692452247901,598.8315560547312,506.4584750279485,673.6593930488806,2,2015-03-27
1,2015-04-29,2015-05-04,5,589.0,1,1.0,574.0,480.0,598.0630975412813,600.558618319153,555.1512927840595,650.4410350626358,2,2015-03-27
1,2015-04-30,2015-05-05,5,514.0,2,1.0,552.0,416.0,565.8460775465458,594.6681794117354,552.8856224565744,654.7359727374964,2,2015-03-27
1,2015-05-01,2015-05-06,5,536.0,3,1.0,579.0,411.0,562.7731868929444,560.7507191434792,544.9430967044723,611.129850777775,2,2015-03-27
1,2015-05-02,2015-05-07,5,491.0,4,1.0,650.0,426.0,558.6102090905497,546.3310174349429,518.9789805372827,628.0025119651339,2,2015-03-27
1,2015-05-03,2015-05-08,5,536.0,5,1.0,458.6666666666667,437.0,591.6937386644281,550.0356935605851,481.3184535055646,603.1965681639001,2,2015-03-27
20,2015-03-23,2015-03-28,5,604.0,6,0.0,520.0,556.0,532.7425113473839,528.0622181391855,488.28995091726154,556.2702746416473,2,2015-03-27
20,2015-03-25,2015-03-30,5,1001.0,1,1.0,958.0,1020.0,1028.5747474899326,1044.6187140753334,901.2471611215491,1111.3658434681079,2,2015-03-27
20,2015-03-26,2015-03-31,5,839.0,2,1.0,926.0,1002.0,954.725267313343,996.9322269439167,868.6383368897999,1084.544372957878,2,2015-03-27
20,2015-03-27,2015-04-01,5,969.0,3,1.0,906.0,1030.0,950.4613882203328,953.0947917747778,897.3145577919433,1015.9782272249811,2,2015-03-27
20,2015-03-28,2015-04-02,5,1007.0,4,1.0,946.0,1065.0,1123.7047519761113,1079.7410195956695,848.9716857931405,1143.3588160867291,2,2015-03-27
20,2015-03-30,2015-04-04,5,505.0,6,0.0,604.0,520.0,588.5036575944573,537.4022576129739,492.3698227155945,607.3751094311783,2,2015-03-27
20,2015-04-02,2015-04-07,5,1002.0,2,0.0,839.0,926.0,904.6181042283,904.286479578928,827.547717601287,948.2126089295123,2,2015-03-27
20,2015-04-03,2015-04-08,5,900.0,3,0.0,969.0,906.0,859.576914615325,875.7646235422347,830.1731465896115,949.783113565373,2,2015-03-27
20,2015-04-04,2015-04-09,5,1005.0,4,0.0,1007.0,946.0,963.7940090374348,978.2983283624438,882.6282580077,991.8453990172039,2,2015-03-27
20,2015-04-05,2015-04-10,5,801.0,5,0.0,793.6666666666666,834.0,758.6373363738776,759.9913437130167,731.0178798623488,802.7935279530867,2,2015-03-27
20,2015-04-06,2015-04-11,5,559.0,6,0.0,505.0,604.0,548.5121890282346,532.5678429289947,513.130750089198,592.0587336821222,2,2015-03-27
20,2015-04-08,2015-04-13,5,1051.0,1,1.0,993.0,1001.0,1070.8451740985136,1034.3625193187395,924.7491594528145,1119.1483878822185,2,2015-03-27
20,2015-04-09,2015-04-14,5,1032.0,2,1.0,1002.0,839.0,998.6573733327575,984.8661258253883,871.9574625036216,1061.9194716280244,2,2015-03-27
20,2015-04-10,2015-04-15,5,977.0,3,1.0,900.0,969.0,992.1579811928437,985.6946064865568,907.4974073855993,1029.13018953025,2,2015-03-27
20,2015-04-11,2015-04-16,5,1134.0,4,1.0,1005.0,1007.0,1096.0316931445168,1062.143089418987,933.376503918008,1127.1760809375312,2,2015-03-27
20,2015-04-12,2015-04-17,5,734.0,5,1.0,801.0,816.6666666666666,889.7609007819647,861.930738329818,761.7613044147414,935.2436114726535,2,2015-03-27
20,2015-04-13,2015-04-18,5,570.0,6,0.0,559.0,505.0,553.769379375068,525.983990152274,485.8740597127652,582.5641330993741,2,2015-03-27
20,2015-04-15,2015-04-20,5,1006.0,1,0.0,1051.0,1003.3333333333334,978.5037493208279,989.7208620326433,864.3635980854015,1054.7427767108738,2,2015-03-27
20,2015-04-16,2015-04-21,5,939.0,2,0.0,1032.0,1002.0,906.2226925009543,906.491210635855,857.9249839799207,995.4658720637093,2,2015-03-27
20,2015-04-17,2015-04-22,5,906.0,3,0.0,977.0,900.0,890.7286408926628,925.1859576625468,843.5130541365494,952.0431319743269,2,2015-03-27
20,2015-04-18,2015-04-23,5,959.0,4,0.0,1134.0,1005.0,994.9052516284643,1021.2278540369822,906.3028956252166,1041.6192095360677,2,2015-03-27
20,2015-04-19,2015-04-24,5,781.0,5,0.0,734.0,801.0,785.2950658647806,785.1131775495078,677.8557296556444,803.4638848267937,2,2015-03-27
20,2015-04-20,2015-04-25,5,592.0,6,0.0,570.0,559.0,542.3974376632083,564.9750418285374,516.4838766402817,611.750892399693,2,2015-03-27
20,2015-04-22,2015-04-27,5,1076.0,1,1.0,1006.0,1051.0,1056.845273870555,1039.1260760757505,904.3954949186041,1105.5210636666188,2,2015-03-27
20,2015-04-23,2015-04-28,5,772.0,2,1.0,939.0,1032.0,979.7669913509629,992.3955642981115,885.972930642701,1090.4854265805188,2,2015-03-27
20,2015-04-24,2015-04-29,5,1000.0,3,1.0,906.0,977.0,969.3479486695815,1002.1462088390398,919.1807709396962,1036.752637204034,2,2015-03-27
20,2015-04-25,2015-04-30,5,1177.0,4,1.0,959.0,1134.0,1096.2675781721953,1083.524893068827,856.5406922202461,1140.8671948438089,2,2015-03-27
20,2015-04-27,2015-05-02,5,637.0,6,0.0,592.0,570.0,529.6078427453143,544.3712628473088,507.31843010108844,590.5443337777081,2,2015-03-27
20,2015-04-29,2015-05-04,5,1060.0,1,1.0,1076.0,1006.0,1034.0569299103345,1018.4232620995405,885.3860114444684,1078.7617887703123,2,2015-03-27
20,2015-04-30,2015-05-05,5,984.0,2,1.0,772.0,939.0,959.2742924572467,970.6555595680509,850.8361454827768,1018.5654999798702,2,2015-03-27
20,2015-05-01,2015-05-06,5,875.0,3,1.0,1000.0,906.0,950.6706605647678,979.8204498162236,819.7852259568036,1014.2131185031624,2,2015-03-27
20,2015-05-02,2015-05-07,5,1110.0,4,1.0,1177.0,959.0,1058.0970788725153,1033.9178345585633,899.3519362851921,1101.5954489139563,2,2015-03-27
20,2015-05-03,2015-05-08,5,825.0,5,1.0,772.0,781.0,847.4572321720593,812.2184393305027,702.2854475259968,846.2921250587539,2,2015-03-27
1,2015-03-22,2015-03-28,6,605.0,6,0.0,506.0,599.0,571.8351202599439,598.2476551343286,515.2723721992619,642.2895102287929,2,2015-03-27
1,2015-03-24,2015-03-30,6,697.0,1,1.0,495.0,605.0,586.8452673048897,615.4010984167655,549.5041870718512,656.1481734388343,2,2015-03-27
1,2015-03-25,2015-03-31,6,589.0,2,1.0,464.0,555.0,544.2850143414133,601.2943028882995,531.023209241426,611.2997023291421,2,2015-03-27
1,2015-03-26,2015-04-01,6,707.0,3,1.0,447.0,504.0,633.86225331738,556.3084913975424,527.7140744781227,609.7640506103719,2,2015-03-27
1,2015-03-27,2015-04-02,6,722.0,4,1.0,490.0,535.0,753.8111837773315,556.5911967828358,488.746762752019,640.5863209632753,2,2015-03-27
1,2015-03-29,2015-04-04,6,796.0,6,0.0,605.0,506.0,692.2230986809885,550.5004783745962,474.86161280162287,624.6232567291831,2,2015-03-27
1,2015-04-01,2015-04-07,6,555.0,2,0.0,589.0,464.0,502.02780880822064,501.02098227036544,464.30944172676345,618.8562588645663,2,2015-03-27
1,2015-04-02,2015-04-08,6,500.0,3,0.0,707.0,447.0,454.86142379111294,513.0787597097716,454.0865876675114,629.2899646564316,2,2015-03-27
1,2015-04-03,2015-04-09,6,430.0,4,0.0,722.0,490.0,442.64029666903696,504.85421475918963,444.2589000894369,588.4618527898411,2,2015-03-27
1,2015-04-04,2015-04-10,6,428.0,5,0.0,498.0,529.0,476.8054754657934,519.8123935480249,473.8214071459112,678.3618739733089,2,2015-03-27
1,2015-04-05,2015-04-11,6,525.0,6,0.0,796.0,605.0,547.8282055553366,573.3803876881971,540.958750568976,695.8505047332545,2,2015-03-27
1,2015-04-07,2015-04-13,6,574.0,1,1.0,599.0,697.0,573.5962641921093,625.6957318431184,614.6066714082478,684.6947870819504,2,2015-03-27
1,2015-04-08,2015-04-14,6,535.0,2,1.0,555.0,589.0,537.3010974202002,623.1104747829698,540.0096261573992,651.8409589852944,2,2015-03-27
1,2015-04-09,2015-04-15,6,501.0,3,1.0,500.0,707.0,532.2046411284989,578.9082115716966,505.12430958499584,632.1801738406342,2,2015-03-27
1,2015-04-10,2015-04-16,6,480.0,4,1.0,430.0,722.0,519.5289859866616,551.2126357728879,491.2656416899533,646.547234924804,2,2015-03-27
1,2015-04-11,2015-04-17,6,511.0,5,1.0,428.0,476.3333333333333,549.916330030857,511.30639639956996,483.1602334149572,649.7913803656097,2,2015-03-27
1,2015-04-12,2015-04-18,6,544.0,6,0.0,525.0,796.0,542.9957112916521,562.1152152227513,516.5277288368271,636.9904494175391,2,2015-03-27
1,2015-04-14,2015-04-20,6,480.0,1,0.0,574.0,588.6666666666666,493.4707841862909,522.6619416736568,487.3641286279091,628.2038332870997,2,2015-03-27
1,2015-04-15,2015-04-21,6,416.0,2,0.0,535.0,555.0,455.17998948254524,493.8997306918327,452.8659392473571,558.9618169212519,2,2015-03-27
1,2015-04-16,2015-04-22,6,411.0,3,0.0,501.0,500.0,451.42284223274896,486.57798339505354,452.97284675259414,576.1569053097954,2,2015-03-27
1,2015-04-17,2015-04-23,6,426.0,4,0.0,480.0,430.0,439.94199095709877,494.2302647659519,474.67178866185054,625.4642060932133,2,2015-03-27
1,2015-04-18,2015-04-24,6,437.0,5,0.0,511.0,428.0,474.6092480467852,504.5103844811879,493.25130914084195,592.7547911594265,2,2015-03-27
1,2015-04-19,2015-04-25,6,537.0,6,0.0,544.0,525.0,548.9324138899062,567.1627191908931,515.788787058215,716.748730079259,2,2015-03-27
1,2015-04-21,2015-04-27,6,574.0,1,1.0,480.0,574.0,581.4869788899985,612.7147552288188,526.3897245072396,657.3967961651332,2,2015-03-27
1,2015-04-22,2015-04-28,6,552.0,2,1.0,416.0,535.0,544.1529267277812,566.3082440827353,517.5354485213163,620.3505487915509,2,2015-03-27
1,2015-04-23,2015-04-29,6,579.0,3,1.0,411.0,501.0,541.6342461564375,540.0214198936488,505.2489890851714,632.7418058740263,2,2015-03-27
1,2015-04-24,2015-04-30,6,650.0,4,1.0,426.0,480.0,529.0831709910058,555.2347598872055,514.3905254794511,653.6360428386716,2,2015-03-27
1,2015-04-26,2015-05-02,6,653.0,6,0.0,537.0,544.0,563.0781419257485,584.8643824560954,511.6464847733414,689.6694672188522,2,2015-03-27
1,2015-04-28,2015-05-04,6,589.0,1,1.0,574.0,480.0,595.683974812452,586.7562913940968,537.9420958977142,645.7428612839217,2,2015-03-27
1,2015-04-29,2015-05-05,6,514.0,2,1.0,552.0,416.0,561.4579970226889,590.0249829044775,547.0777867902759,649.3849075113242,2,2015-03-27
1,2015-04-30,2015-05-06,6,536.0,3,1.0,579.0,411.0,562.7731868929444,562.8208715263958,543.7620270779952,602.2626336748459,2,2015-03-27
1,2015-05-01,2015-05-07,6,491.0,4,1.0,650.0,426.0,554.8294909666433,538.2186562185902,503.9664542488866,619.2653846982616,2,2015-03-27
1,2015-05-02,2015-05-08,6,536.0,5,1.0,458.6666666666667,437.0,591.6937386644281,545.4444637854257,504.29054076620275,591.0787124258076,2,2015-03-27
20,2015-03-22,2015-03-28,6,604.0,6,0.0,520.0,556.0,533.3402634335985,543.4702873942274,501.64753034553763,560.074135539018,2,2015-03-27
20,2015-03-24,2015-03-30,6,1001.0,1,1.0,958.0,1020.0,1026.6070579208995,1027.3519429840856,899.1987086743183,1115.4498091880891,2,2015-03-27
20,2015-03-25,2015-03-31,6,839.0,2,1.0,926.0,1002.0,957.0334494011073,987.8005930899114,874.5422230686321,1090.522562219378,2,2015-03-27
20,2015-03-26,2015-04-01,6,969.0,3,1.0,906.0,1030.0,945.9720552092575,955.5767397203947,883.6597872062329,1018.3353176946008,2,2015-03-27
20,2015-03-27,2015-04-02,6,1007.0,4,1.0,946.0,1065.0,1117.4189255706603,1078.7366770697279,832.7710110531661,1115.3857161299788,2,2015-03-27
20,2015-03-29,2015-04-04,6,505.0,6,0.0,604.0,520.0,595.7648829181682,536.8015217422105,498.01003178939493,639.0089661717299,2,2015-03-27
20,2015-04-01,2015-04-07,6,1002.0,2,0.0,839.0,926.0,906.7278399864081,902.9905231621279,826.4501566082655,966.2838169364234,2,2015-03-27
20,2015-04-02,2015-04-08,6,900.0,3,0.0,969.0,906.0,859.576914615325,874.9788680574974,819.8297931428816,949.3376536240359,2,2015-03-27
20,2015-04-03,2015-04-09,6,1005.0,4,0.0,1007.0,946.0,964.167061165497,985.4432226549401,876.7015485242154,1017.5529097006407,2,2015-03-27
20,2015-04-04,2015-04-10,6,801.0,5,0.0,793.6666666666666,834.0,758.6373363738776,749.7582095788132,717.8553324594699,817.1831419968155,2,2015-03-27
20,2015-04-05,2015-04-11,6,559.0,6,0.0,505.0,604.0,548.5121890282346,534.5538871713799,507.60193854496566,608.5227083040886,2,2015-03-27
20,2015-04-07,2015-04-13,6,1051.0,1,1.0,993.0,1001.0,1069.3269426608445,1025.2165565426956,896.443871237426,1110.0284682949589,2,2015-03-27
20,2015-04-08,2015-04-14,6,1032.0,2,1.0,1002.0,839.0,997.5627335118619,981.3860800410998,872.4802891748499,1068.4997722153564,2,2015-03-27
20,2015-04-09,2015-04-15,6,977.0,3,1.0,900.0,969.0,990.6657526827871,964.5241226887189,895.0002088412663,1045.820637575156,2,2015-03-27
20,2015-04-10,2015-04-16,6,1134.0,4,1.0,1005.0,1007.0,1095.134631285041,1039.7457694087982,919.3515409097045,1117.1421296403591,2,2015-03-27
20,2015-04-11,2015-04-17,6,734.0,5,1.0,801.0,816.6666666666666,889.7609007819647,842.7490872480366,714.0340677489248,940.982007019764,2,2015-03-27
20,2015-04-12,2015-04-18,6,570.0,6,0.0,559.0,505.0,555.903328304847,524.181518472688,505.5910461922779,603.5280869902489,2,2015-03-27
20,2015-04-14,2015-04-20,6,1006.0,1,0.0,1051.0,1003.3333333333334,979.972360518095,975.1735899940176,802.1835598027416,1062.2654999016202,2,2015-03-27
20,2015-04-15,2015-04-21,6,939.0,2,0.0,1032.0,1002.0,904.1846301880745,910.9926992193934,854.3242238367743,991.3468382468793,2,2015-03-27
20,2015-04-16,2015-04-22,6,906.0,3,0.0,977.0,900.0,896.5619903861648,920.3819298549071,829.97702083467,975.349286919765,2,2015-03-27
20,2015-04-17,2015-04-23,6,959.0,4,0.0,1134.0,1005.0,993.3432849734851,1002.3168894016738,892.4694983810376,1038.2690800453654,2,2015-03-27
20,2015-04-18,2015-04-24,6,781.0,5,0.0,734.0,801.0,785.2950658647806,779.9528329205291,690.3799951943724,809.403695846144,2,2015-03-27
20,2015-04-19,2015-04-25,6,592.0,6,0.0,570.0,559.0,542.7324552303003,551.9053353921304,510.64934578870276,627.3659458292695,2,2015-03-27
20,2015-04-21,2015-04-27,6,1076.0,1,1.0,1006.0,1051.0,1056.257892509136,1025.0021543352027,897.3097059421862,1109.2402803092675,2,2015-03-27
20,2015-04-22,2015-04-28,6,772.0,2,1.0,939.0,1032.0,981.8122138869954,986.5127286070252,865.0600076554258,1072.8275213127192,2,2015-03-27
20,2015-04-23,2015-04-29,6,1000.0,3,1.0,906.0,977.0,968.8703399559888,987.3562039318518,880.5893536626722,1061.2346631038624,2,2015-03-27
20,2015-04-24,2015-04-30,6,1177.0,4,1.0,959.0,1134.0,1094.3638840414728,1083.1425684858443,843.935762394761,1139.6243960330344,2,2015-03-27
20,2015-04-26,2015-05-02,6,637.0,6,0.0,592.0,570.0,530.7697892831181,537.441972145422,509.5137762663479,600.6856730144502,2,2015-03-27
20,2015-04-28,2015-05-04,6,1060.0,1,1.0,1076.0,1006.0,1033.0342283404143,1029.5863849477953,871.947509044192,1065.2090801764668,2,2015-03-27
20,2015-04-29,2015-05-05,6,984.0,2,1.0,772.0,939.0,956.2844579061294,976.4020309771792,868.2737541340825,1006.9465530396524,2,2015-03-27
20,2015-04-30,2015-05-06,6,875.0,3,1.0,1000.0,906.0,950.6706605647678,965.5595191325267,834.3104739109015,1010.1482994138026,2,2015-03-27
20,2015-05-01,2015-05-07,6,1110.0,4,1.0,1177.0,959.0,1052.987608337281,1052.1551803919037,916.8263141431518,1117.1331574165729,2,2015-03-27
20,2015-05-02,2015-05-08,6,825.0,5,1.0,772.0,781.0,847.4572321720593,821.7611883499654,710.1498550649573,860.5465419777909,2,2015-03-27
1,2015-03-21,2015-03-28,7,605.0,6,0.0,506.0,599.0,571.8351202599439,582.842964006826,513.8955879142311,613.0757249113913,2,2015-03-27
1,2015-03-23,2015-03-30,7,697.0,1,1.0,495.0,605.0,587.0534268063107,632.170646044276,548.2961486859903,648.4010893134006,2,2015-03-27
1,2015-03-24,2015-03-31,7,589.0,2,1.0,464.0,555.0,546.2795233119646,605.6450176044365,530.1820912381215,609.6215015715483,2,2015-03-27
1,2015-03-25,2015-04-01,7,707.0,3,1.0,447.0,504.0,632.9184542818147,574.4285732762581,526.6963457361146,624.9985868486137,2,2015-03-27
1,2015-03-26,2015-04-02,7,722.0,4,1.0,490.0,535.0,750.6741131842922,549.0401695320082,483.71650419231645,602.0551223884407,2,2015-03-27
1,2015-03-28,2015-04-04,7,796.0,6,0.0,605.0,506.0,692.2230986809885,557.032775875509,482.09960532837783,635.213520475354,2,2015-03-27
1,2015-03-31,2015-04-07,7,555.0,2,0.0,589.0,464.0,507.9949971149856,479.94384776981497,461.8327237907113,548.4595993400204,2,2015-03-27
1,2015-04-01,2015-04-08,7,500.0,3,0.0,707.0,447.0,455.8696104395935,487.2082974676146,446.7675606061945,573.9068415732216,2,2015-03-27
1,2015-04-02,2015-04-09,7,430.0,4,0.0,722.0,490.0,442.64029666903696,483.9250861181647,442.73667372930475,583.3176498422869,2,2015-03-27
1,2015-04-03,2015-04-10,7,428.0,5,0.0,498.0,529.0,474.2170417604973,496.0445855310548,479.23830280251934,589.2850029788899,2,2015-03-27
1,2015-04-04,2015-04-11,7,525.0,6,0.0,796.0,605.0,547.8282055553366,562.00857350381,562.00857350381,731.0182344947764,2,2015-03-27
1,2015-04-06,2015-04-13,7,574.0,1,1.0,599.0,697.0,572.6939616682233,636.5644043926446,600.5045148106121,668.0064543239615,2,2015-03-27
1,2015-04-07,2015-04-14,7,535.0,2,1.0,555.0,589.0,533.9272005433252,611.1475273034322,556.6515317838716,681.2685016042968,2,2015-03-27
1,2015-04-08,2015-04-15,7,501.0,3,1.0,500.0,707.0,532.1631674151225,592.1577234655123,547.0054632748203,663.4115996513553,2,2015-03-27
1,2015-04-09,2015-04-16,7,480.0,4,1.0,430.0,722.0,521.1916263716096,555.8169926702327,511.08820525900086,635.613231235986,2,2015-03-27
1,2015-04-10,2015-04-17,7,511.0,5,1.0,428.0,476.3333333333333,552.7144559630572,528.189929706961,492.705368464735,708.7319278438766,2,2015-03-27
1,2015-04-11,2015-04-18,7,544.0,6,0.0,525.0,796.0,542.9957112916521,573.2311861788394,509.90089319992535,632.3830191899515,2,2015-03-27
1,2015-04-13,2015-04-20,7,480.0,1,0.0,574.0,588.6666666666666,493.20471708793,512.8640381322818,476.0008748164502,632.5116989316887,2,2015-03-27
1,2015-04-14,2015-04-21,7,416.0,2,0.0,535.0,555.0,456.124493210489,499.9048334597492,452.27217986646457,565.2312119584433,2,2015-03-27
1,2015-04-15,2015-04-22,7,411.0,3,0.0,501.0,500.0,452.1288161948836,481.42151835641306,459.9115407073215,583.912058888822,2,2015-03-27
1,2015-04-16,2015-04-23,7,426.0,4,0.0,480.0,430.0,442.55579692059257,482.73239994487267,464.06148384958954,648.1644519446966,2,2015-03-27
1,2015-04-17,2015-04-24,7,437.0,5,0.0,511.0,428.0,475.34512970783277,513.8327823834384,493.1912539034225,588.0169389089818,2,2015-03-27
1,2015-04-18,2015-04-25,7,537.0,6,0.0,544.0,525.0,548.9324138899062,573.9749819069704,514.3511954745904,735.1323927417653,2,2015-03-27
1,2015-04-20,2015-04-27,7,574.0,1,1.0,480.0,574.0,582.8647541200644,613.9491217007112,548.7507985066364,670.12411821763,2,2015-03-27
1,2015-04-21,2015-04-28,7,552.0,2,1.0,416.0,535.0,545.4789821855843,576.1645233572426,530.9402275182315,615.596529828204,2,2015-03-27
1,2015-04-22,2015-04-29,7,579.0,3,1.0,411.0,501.0,542.4272623187122,549.1290692428366,531.2641762641005,635.9247460404293,2,2015-03-27
1,2015-04-23,2015-04-30,7,650.0,4,1.0,426.0,480.0,529.9404447679204,559.0787925150476,499.1649711666646,651.4634987755451,2,2015-03-27
1,2015-04-25,2015-05-02,7,653.0,6,0.0,537.0,544.0,563.0781419257485,579.3429414566202,508.47875881228805,666.2842457909096,2,2015-03-27
1,2015-04-27,2015-05-04,7,589.0,1,1.0,574.0,480.0,595.5895244007698,588.5360906624592,527.2225427021523,619.3507928426403,2,2015-03-27
1,2015-04-28,2015-05-05,7,514.0,2,1.0,552.0,416.0,559.1071950671899,594.6672080211482,528.5628427617364,617.1725268525234,2,2015-03-27
1,2015-04-29,2015-05-06,7,536.0,3,1.0,579.0,411.0,558.9281102154347,555.7412654723443,528.3712001855441,568.6908626894542,2,2015-03-27
1,2015-04-30,2015-05-07,7,491.0,4,1.0,650.0,426.0,554.8294909666433,534.3704613493593,503.4290419279968,570.6749491515324,2,2015-03-27
1,2015-05-01,2015-05-08,7,536.0,5,1.0,458.6666666666667,437.0,587.9607552018857,549.3034769548775,495.0987124109379,582.4075988989387,2,2015-03-27
20,2015-03-21,2015-03-28,7,604.0,6,0.0,520.0,556.0,533.3402634335985,538.9505305281469,492.45354325723537,563.3349953437623,2,2015-03-27
20,2015-03-23,2015-03-30,7,1001.0,1,1.0,958.0,1020.0,1025.1401537203951,1040.1166196196943,908.0117353018095,1121.4624363469018,2,2015-03-27
20,2015-03-24,2015-03-31,7,839.0,2,1.0,926.0,1002.0,955.194457832537,999.1248410065292,884.0606057644785,1085.6394555657903,2,2015-03-27
20,2015-03-25,2015-04-01,7,969.0,3,1.0,906.0,1030.0,948.285938627096,963.9857729442134,895.1735516966595,1003.2047155689781,2,2015-03-27
20,2015-03-26,2015-04-02,7,1007.0,4,1.0,946.0,1065.0,1116.9554298039043,1078.0680680459889,851.7423014252627,1109.66577118723,2,2015-03-27
20,2015-03-28,2015-04-04,7,505.0,6,0.0,604.0,520.0,595.7648829181682,536.2029122285852,509.65544712452385,645.4673464263584,2,2015-03-27
20,2015-03-31,2015-04-07,7,1002.0,2,0.0,839.0,926.0,906.2626293071853,896.4112584304701,829.8847631677626,951.9377821883631,2,2015-03-27
20,2015-04-01,2015-04-08,7,900.0,3,0.0,969.0,906.0,862.2228322383113,886.2466984599785,843.6816036655528,925.0406422952261,2,2015-03-27
20,2015-04-02,2015-04-09,7,1005.0,4,0.0,1007.0,946.0,964.167061165497,994.8579908683536,894.0956788658206,1022.5261055177778,2,2015-03-27
20,2015-04-03,2015-04-10,7,801.0,5,0.0,793.6666666666666,834.0,758.7734722260384,779.6072608984794,720.2788366721153,830.4369942192056,2,2015-03-27
20,2015-04-04,2015-04-11,7,559.0,6,0.0,505.0,604.0,548.5121890282346,546.4623986826115,502.0364676987375,623.4724859133524,2,2015-03-27
20,2015-04-06,2015-04-13,7,1051.0,1,1.0,993.0,1001.0,1066.640450097633,1042.4269970856858,853.8740666426615,1096.7974715539442,2,2015-03-27
20,2015-04-07,2015-04-14,7,1032.0,2,1.0,1002.0,839.0,995.847949502709,980.3032754742198,883.0800026752523,1046.5166468057091,2,2015-03-27
20,2015-04-08,2015-04-15,7,977.0,3,1.0,900.0,969.0,989.5189916775165,981.9390779167894,900.1780439982483,1019.9839208624413,2,2015-03-27
20,2015-04-09,2015-04-16,7,1134.0,4,1.0,1005.0,1007.0,1093.617541297925,1063.9264961937865,899.4757954767783,1110.4903109706895,2,2015-03-27
20,2015-04-10,2015-04-17,7,734.0,5,1.0,801.0,816.6666666666666,888.745564406492,867.9588790776849,742.3944065651729,945.073814799814,2,2015-03-27
20,2015-04-11,2015-04-18,7,570.0,6,0.0,559.0,505.0,555.903328304847,531.9991131999301,504.03364198221516,610.2775854827078,2,2015-03-27
20,2015-04-13,2015-04-20,7,1006.0,1,0.0,1051.0,1003.3333333333334,978.2440912541078,981.4478676866729,838.0553615394123,1050.1509470014282,2,2015-03-27
20,2015-04-14,2015-04-21,7,939.0,2,0.0,1032.0,1002.0,905.5775610290758,909.3367043525813,862.8349922274451,973.3754383131595,2,2015-03-27
20,2015-04-15,2015-04-22,7,906.0,3,0.0,977.0,900.0,894.5588220153754,900.1684064380006,852.7553243176962,964.3710938433073,2,2015-03-27
20,2015-04-16,2015-04-23,7,959.0,4,0.0,1134.0,1005.0,998.8862512055136,1001.1914137888047,877.8865262477274,1055.7704211275889,2,2015-03-27
20,2015-04-17,2015-04-24,7,781.0,5,0.0,734.0,801.0,783.7350882647585,766.2015702864916,677.7877504266354,766.2015702864916,2,2015-03-27
20,2015-04-18,2015-04-25,7,592.0,6,0.0,570.0,559.0,542.7324552303003,552.3565893986579,513.7389534541818,638.1938652965684,2,2015-03-27
20,2015-04-20,2015-04-27,7,1076.0,1,1.0,1006.0,1051.0,1054.898640884634,1057.9920435178278,897.1413678788206,1140.196852092208,2,2015-03-27
20,2015-04-21,2015-04-28,7,772.0,2,1.0,939.0,1032.0,981.1613095842014,1013.3211906528587,887.8410788865989,1086.6959669645853,2,2015-03-27
20,2015-04-22,2015-04-29,7,1000.0,3,1.0,906.0,977.0,970.7992252067322,990.4305856005251,897.7690061792081,1046.309613711227,2,2015-03-27
20,2015-04-23,2015-04-30,7,1177.0,4,1.0,959.0,1134.0,1092.5416456256953,1081.3168488951605,846.4070131162158,1145.6255177270004,2,2015-03-27
20,2015-04-25,2015-05-02,7,637.0,6,0.0,592.0,570.0,530.7697892831181,531.7516288886978,517.3417693721083,627.4386865446655,2,2015-03-27
20,2015-04-27,2015-05-04,7,1060.0,1,1.0,1076.0,1006.0,1040.5778041220074,1025.2156070255696,880.1189704542968,1059.5246756707156,2,2015-03-27
20,2015-04-28,2015-05-05,7,984.0,2,1.0,772.0,939.0,955.270525260798,985.8584264385016,849.429048647709,1013.1013896785546,2,2015-03-27
20,2015-04-29,2015-05-06,7,875.0,3,1.0,1000.0,906.0,948.1364571912924,975.0510578326126,827.3106068124112,1004.3351104299398,2,2015-03-27
20,2015-04-30,2015-05-07,7,1110.0,4,1.0,1177.0,959.0,1052.987608337281,1045.1866241028144,889.0582015602706,1120.2396049196213,2,2015-03-27
20,2015-05-01,2015-05-08,7,825.0,5,1.0,772.0,781.0,842.4145977680214,829.6033022966244,712.3462843149418,867.0069016615273,2,2015-03-27
1,2015-05-08,2015-05-09,1,596.0,6,0.0,653.0,537.0,576.4122420263965,553.8671065909,516.3112514666682,582.5385748147864,3,2015-05-08
1,2015-05-10,2015-05-11,1,453.0,1,0.0,589.0,574.0,524.6326804921902,504.7928473285614,483.4372405665412,629.9940487362331,3,2015-05-08
1,2015-05-11,2015-05-12,1,438.0,2,0.0,514.0,552.0,481.79794147580134,460.92292044192106,445.6412343678799,512.0148017932577,3,2015-05-08
1,2015-05-12,2015-05-13,1,523.0,3,0.0,536.0,579.0,482.62507848985535,501.4777097085547,452.16611798024536,546.5704887918021,3,2015-05-08
1,2015-05-14,2015-05-15,1,523.0,5,0.0,536.0,494.6666666666667,494.7136009676497,514.7951393525082,502.93321186287284,618.3930606715456,3,2015-05-08
1,2015-05-15,2015-05-16,1,505.0,6,0.0,596.0,653.0,567.3126419031738,547.0176609371428,491.6681436077461,563.34281770034,3,2015-05-08
1,2015-05-17,2015-05-18,1,577.0,1,1.0,453.0,589.0,586.832095242276,564.9720317381367,524.1604288273633,603.9185692629943,3,2015-05-08
1,2015-05-18,2015-05-19,1,546.0,2,1.0,438.0,514.0,544.1954529636753,529.4627950466272,485.280617203471,563.0892797883474,3,2015-05-08
1,2015-05-19,2015-05-20,1,533.0,3,1.0,523.0,536.0,537.5946491464961,527.3866960041692,512.8944695084367,569.0393341942421,3,2015-05-08
1,2015-05-20,2015-05-21,1,471.0,4,1.0,522.3333333333334,491.0,525.0609166429246,520.9229161694177,475.55118437979394,549.642565047348,3,2015-05-08
1,2015-05-21,2015-05-22,1,495.0,5,1.0,523.0,536.0,552.9755997692245,497.7595527940674,487.20239735664614,540.5797074828114,3,2015-05-08
1,2015-05-22,2015-05-23,1,506.0,6,0.0,505.0,596.0,540.8088050493144,538.7119989843887,491.4226055750895,569.1477678553199,3,2015-05-08
1,2015-05-25,2015-05-26,1,479.0,2,0.0,546.0,438.0,440.3775570067885,535.2763583099164,472.54086170251986,597.8131972511952,3,2015-05-08
1,2015-05-26,2015-05-27,1,497.0,3,0.0,533.0,523.0,436.6882269913159,486.55732190739093,450.5294994669641,539.9821506918689,3,2015-05-08
1,2015-05-27,2015-05-28,1,474.0,4,0.0,471.0,537.3333333333334,427.6790255491329,496.12702461402347,463.13714526216916,545.1311451140801,3,2015-05-08
1,2015-05-28,2015-05-29,1,537.0,5,0.0,495.0,523.0,461.51798932094835,491.69379093433747,462.753367562795,563.3830966510671,3,2015-05-08
1,2015-05-29,2015-05-30,1,580.0,6,0.0,506.0,505.0,537.2156789944067,557.9552439043136,505.5857448150703,625.0167146573667,3,2015-05-08
1,2015-05-31,2015-06-01,1,607.0,1,1.0,539.6666666666666,577.0,564.4646729466481,575.494955347075,532.5260514311323,632.7889591923788,3,2015-05-08
1,2015-06-01,2015-06-02,1,590.0,2,1.0,479.0,546.0,527.6576991009767,573.1904522779379,549.3271624721912,592.7862666613582,3,2015-05-08
1,2015-06-02,2015-06-03,1,616.0,3,1.0,497.0,533.0,537.8148932791202,616.0363517837703,492.56950953032674,620.2919344986476,3,2015-05-08
1,2015-06-04,2015-06-05,1,609.0,5,1.0,537.0,495.0,552.0069871377469,650.4830534544412,556.8446262401678,653.0339636339694,3,2015-05-08
1,2015-06-05,2015-06-06,1,460.0,6,0.0,580.0,506.0,549.1520810589872,568.6007499647692,504.987705323523,587.2472362591263,3,2015-05-08
1,2015-06-07,2015-06-08,1,502.0,1,0.0,607.0,545.6666666666666,494.5627655413773,474.8098546713306,474.8098546713306,565.1889043054728,3,2015-05-08
1,2015-06-08,2015-06-09,1,485.0,2,0.0,590.0,479.0,455.9897522556168,482.8148704363462,452.1006354104725,506.25977574796565,3,2015-05-08
1,2015-06-09,2015-06-10,1,453.0,3,0.0,616.0,497.0,453.71521807402826,491.5403599853452,478.44539207785255,525.3324834335715,3,2015-05-08
1,2015-06-10,2015-06-11,1,442.0,4,0.0,472.5,474.0,443.17984260357423,475.2825302749422,412.03032757262457,540.7516455554078,3,2015-05-08
1,2015-06-11,2015-06-12,1,422.0,5,0.0,609.0,537.0,476.5557737528993,487.6190914520753,471.39274937048145,530.6369427735112,3,2015-05-08
1,2015-06-12,2015-06-13,1,502.0,6,0.0,460.0,580.0,545.2822314217276,505.4274973465993,465.541559719511,539.4140823163199,3,2015-05-08
1,2015-06-14,2015-06-15,1,586.0,1,1.0,502.0,607.0,569.3273034177357,577.4899416476981,565.2982370770042,642.9001453340938,3,2015-05-08
1,2015-06-15,2015-06-16,1,503.0,2,1.0,485.0,590.0,529.8900535055429,569.9304249945114,533.428974262348,570.713535230717,3,2015-05-08
1,2015-06-16,2015-06-17,1,476.0,3,1.0,453.0,616.0,523.7362026680295,518.0706762430704,488.9034245580651,537.6438731708184,3,2015-05-08
1,2015-06-17,2015-06-18,1,498.0,4,1.0,442.0,462.3333333333333,509.705025995862,484.6379050135871,477.9121057398084,536.6729803391939,3,2015-05-08
1,2015-06-18,2015-06-19,1,487.0,5,1.0,422.0,609.0,540.8263954493814,526.2371623728576,479.9551540684808,537.3408248236026,3,2015-05-08
20,2015-05-08,2015-05-09,1,534.0,6,0.0,637.0,592.0,515.5594229821281,574.8626140309077,526.4544062424259,665.5258690849392,3,2015-05-08
20,2015-05-10,2015-05-11,1,990.0,1,0.0,1060.0,1076.0,939.1111316859779,952.3473505404719,891.3217677240541,973.127764011443,3,2015-05-08
20,2015-05-11,2015-05-12,1,967.0,2,0.0,984.0,772.0,864.3121053187631,883.3978933485357,807.7015174178705,947.1558679356267,3,2015-05-08
20,2015-05-12,2015-05-13,1,974.0,3,0.0,875.0,1000.0,888.5952943746479,935.7938851850516,768.0825299066811,980.0715990367398,3,2015-05-08
20,2015-05-14,2015-05-15,1,761.0,5,0.0,825.0,780.0,759.7825400683973,783.7175262266007,706.3434860979544,885.792664741415,3,2015-05-08
20,2015-05-15,2015-05-16,1,557.0,6,0.0,534.0,637.0,519.3997097994975,545.5639500982867,498.04695289827276,627.5227275221166,3,2015-05-08
20,2015-05-17,2015-05-18,1,1075.0,1,1.0,990.0,1060.0,1036.6073189502426,1037.244983960964,899.1177169043413,1090.1895427689785,3,2015-05-08
20,2015-05-18,2015-05-19,1,901.0,2,1.0,967.0,984.0,964.1547073341674,966.9247620262975,875.7272208300631,999.6434962569481,3,2015-05-08
20,2015-05-19,2015-05-20,1,752.0,3,1.0,974.0,875.0,954.1162711744906,965.3356989633401,854.71617996836,987.2289213971281,3,2015-05-08
20,2015-05-20,2015-05-21,1,1033.0,4,1.0,1082.0,1110.0,1051.6304471743256,1057.2992445402783,911.7026829494996,1091.8696533413897,3,2015-05-08
20,2015-05-21,2015-05-22,1,898.0,5,1.0,761.0,825.0,843.0088876667126,816.7869293436008,796.8805719523075,816.7869293436008,3,2015-05-08
20,2015-05-22,2015-05-23,1,547.0,6,0.0,557.0,534.0,519.8374440152949,562.7368841676863,527.9801298627694,683.1964463803768,3,2015-05-08
20,2015-05-25,2015-05-26,1,1011.0,2,0.0,901.0,967.0,849.3849516011305,858.3333361158201,812.8204534235692,926.9328609160253,3,2015-05-08
20,2015-05-26,2015-05-27,1,906.0,3,0.0,752.0,974.0,849.0978498751758,860.2302969210016,828.537892291612,926.9069227002174,3,2015-05-08
20,2015-05-27,2015-05-28,1,1048.0,4,0.0,1033.0,1106.6666666666667,961.5627047321552,998.1298880978176,878.5951404375296,1020.706012607962,3,2015-05-08
20,2015-05-28,2015-05-29,1,791.0,5,0.0,898.0,761.0,759.177912030087,800.4621453685297,724.1770147293174,869.5171090995412,3,2015-05-08
20,2015-05-29,2015-05-30,1,616.0,6,0.0,547.0,557.0,547.3618590698004,574.0669105394288,529.1122721012749,654.1143525541868,3,2015-05-08
20,2015-05-31,2015-06-01,1,1043.0,1,1.0,1041.6666666666667,1075.0,1040.258793817154,1072.9435509000689,902.0263621500045,1127.5975882999135,3,2015-05-08
20,2015-06-01,2015-06-02,1,1015.0,2,1.0,1011.0,901.0,965.4191273971616,976.1144124957019,865.6157253073089,1038.7661033286852,3,2015-05-08
20,2015-06-02,2015-06-03,1,1093.0,3,1.0,906.0,752.0,990.8232511162868,966.7930923030688,679.2817398377833,1010.0839361628002,3,2015-05-08
20,2015-06-04,2015-06-05,1,830.0,5,1.0,791.0,898.0,858.7261581661078,858.095024297658,796.3380141272644,917.6993553965914,3,2015-05-08
20,2015-06-05,2015-06-06,1,514.0,6,0.0,616.0,547.0,555.5068501890873,577.9966094704703,513.3278807934421,631.3897100005493,3,2015-05-08
20,2015-06-07,2015-06-08,1,930.0,1,0.0,1043.0,1036.0,976.5809267470204,954.6537350971388,845.6861789994086,1012.2824930196356,3,2015-05-08
20,2015-06-08,2015-06-09,1,942.0,2,0.0,1015.0,1011.0,897.4222189142413,903.4074263097692,872.8878577417274,957.0640223330024,3,2015-05-08
20,2015-06-09,2015-06-10,1,857.0,3,0.0,1093.0,906.0,885.9499137200182,894.2777949639707,851.6788669099859,934.6842292063025,3,2015-05-08
20,2015-06-10,2015-06-11,1,1038.0,4,0.0,1040.5,1048.0,988.6159588785973,955.4673793637863,857.3376266353335,983.6059023925509,3,2015-05-08
20,2015-06-11,2015-06-12,1,776.0,5,0.0,830.0,791.0,778.4958106448006,808.6841844173601,731.1725191560233,817.9688173390317,3,2015-05-08
20,2015-06-12,2015-06-13,1,590.0,6,0.0,514.0,616.0,535.8404278441888,542.7827343580832,516.6969340665019,646.6016628494385,3,2015-05-08
20,2015-06-14,2015-06-15,1,842.0,1,1.0,930.0,1043.0,1043.5397686982228,1070.4989481816215,915.3909083141812,1096.3039596346073,3,2015-05-08
20,2015-06-15,2015-06-16,1,1021.0,2,1.0,942.0,1015.0,958.5109728691627,971.947467159046,818.7269143006281,1020.0939502572139,3,2015-05-08
20,2015-06-16,2015-06-17,1,1010.0,3,1.0,857.0,1093.0,946.9428734587416,941.1177100736915,859.9466943622152,993.2868728353723,3,2015-05-08
20,2015-06-17,2015-06-18,1,922.0,4,1.0,1038.0,1039.6666666666667,1055.232573249266,1072.6785959760705,897.3405655706036,1096.2057322194476,3,2015-05-08
20,2015-06-18,2015-06-19,1,894.0,5,1.0,776.0,830.0,837.9114848176877,834.4757016024963,793.8124246880323,904.8120913384238,3,2015-05-08
1,2015-05-07,2015-05-09,2,596.0,6,0.0,653.0,537.0,578.9729138569631,560.2116675035641,514.6824237385327,601.723541562657,3,2015-05-08
1,2015-05-09,2015-05-11,2,453.0,1,0.0,589.0,574.0,524.6326804921902,517.0511630473726,494.17702674135637,625.8718428022979,3,2015-05-08
1,2015-05-10,2015-05-12,2,438.0,2,0.0,514.0,552.0,484.7092300986182,498.5294898574015,459.70139137158395,561.4121723448878,3,2015-05-08
1,2015-05-11,2015-05-13,2,523.0,3,0.0,536.0,579.0,484.41366365836427,511.87859448034504,445.1235212782402,573.9991236008,3,2015-05-08
1,2015-05-13,2015-05-15,2,523.0,5,0.0,536.0,494.6666666666667,494.7136009676497,484.9808105947349,482.6778539915558,575.3438538389059,3,2015-05-08
1,2015-05-14,2015-05-16,2,505.0,6,0.0,596.0,653.0,566.6698112558425,566.1675989296087,501.6952119015797,616.7030484774164,3,2015-05-08
1,2015-05-16,2015-05-18,2,577.0,1,1.0,453.0,589.0,586.832095242276,528.1745057628528,488.0320609468512,590.8696694276425,3,2015-05-08
1,2015-05-17,2015-05-19,2,546.0,2,1.0,438.0,514.0,545.227534989432,517.1656582393879,493.1145608210422,575.63500121246,3,2015-05-08
1,2015-05-18,2015-05-20,2,533.0,3,1.0,523.0,536.0,537.3424806119599,505.53195474082526,490.33736821313727,574.703146606685,3,2015-05-08
1,2015-05-19,2015-05-21,2,471.0,4,1.0,522.3333333333334,491.0,525.1078129653728,539.2927541712753,466.3661192266542,582.1203983583754,3,2015-05-08
1,2015-05-20,2015-05-22,2,495.0,5,1.0,523.0,536.0,555.0592612166661,556.378424756195,511.5694931248241,604.4525579854118,3,2015-05-08
1,2015-05-21,2015-05-23,2,506.0,6,0.0,505.0,596.0,544.2942487030327,552.0000819675172,502.2205282883958,598.5490521965759,3,2015-05-08
1,2015-05-24,2015-05-26,2,479.0,2,0.0,546.0,438.0,440.3775570067885,492.76941845060594,451.7734167527671,580.3731893812153,3,2015-05-08
1,2015-05-25,2015-05-27,2,497.0,3,0.0,533.0,523.0,434.17458393708205,503.5756797276343,467.7749815961232,594.0037972304369,3,2015-05-08
1,2015-05-26,2015-05-28,2,474.0,4,0.0,471.0,537.3333333333334,424.78985283137183,518.5246292223934,470.90956691294707,601.8361148708874,3,2015-05-08
1,2015-05-27,2015-05-29,2,537.0,5,0.0,495.0,523.0,458.96542132642776,522.8910066645833,476.5688721787367,619.1328683823974,3,2015-05-08
1,2015-05-28,2015-05-30,2,580.0,6,0.0,506.0,505.0,533.2957419766458,573.9732232625103,485.9007208845676,644.0058343170006,3,2015-05-08
1,2015-05-30,2015-06-01,2,607.0,1,1.0,539.6666666666666,577.0,564.4646729466481,564.4168276111193,539.8195107548214,606.7484506855544,3,2015-05-08
1,2015-05-31,2015-06-02,2,590.0,2,1.0,479.0,546.0,525.3257609869531,566.64735047707,529.6986103367474,584.0230522331966,3,2015-05-08
1,2015-06-01,2015-06-03,2,616.0,3,1.0,497.0,533.0,535.0304580041603,605.9836527901977,514.3582358793666,610.7894057918867,3,2015-05-08
1,2015-06-03,2015-06-05,2,609.0,5,1.0,537.0,495.0,552.0069871377469,587.1096547320914,522.7953624314933,621.6916788801285,3,2015-05-08
1,2015-06-04,2015-06-06,2,460.0,6,0.0,580.0,506.0,546.2245520181593,541.1435347901968,499.80652618342265,605.9414808626269,3,2015-05-08
1,2015-06-06,2015-06-08,2,502.0,1,0.0,607.0,545.6666666666666,494.5627655413773,471.2669057206023,471.2669057206023,532.998967700455,3,2015-05-08
1,2015-06-07,2015-06-09,2,485.0,2,0.0,590.0,479.0,455.91123274724396,482.4028319625741,459.69496746299865,535.4362344603514,3,2015-05-08
1,2015-06-08,2015-06-10,2,453.0,3,0.0,616.0,497.0,451.74214205551397,504.72356904548786,475.6705558702212,551.4338172795073,3,2015-05-08
1,2015-06-09,2015-06-11,2,442.0,4,0.0,472.5,474.0,443.0968007196075,486.0839382582791,421.83613763878367,557.6567116080248,3,2015-05-08
1,2015-06-10,2015-06-12,2,422.0,5,0.0,609.0,537.0,476.4543371349436,493.11021345471596,478.42062409048515,544.0657962305664,3,2015-05-08
1,2015-06-11,2015-06-13,2,502.0,6,0.0,460.0,580.0,547.8322960076049,500.3180093430539,474.2208614189139,547.9055278299851,3,2015-05-08
1,2015-06-13,2015-06-15,2,586.0,1,1.0,502.0,607.0,569.3273034177357,579.2194765809747,538.7597514505305,616.2571838266845,3,2015-05-08
1,2015-06-14,2015-06-16,2,503.0,2,1.0,485.0,590.0,529.9655147433123,557.936108634905,530.4773599275738,578.1283031207361,3,2015-05-08
1,2015-06-15,2015-06-17,2,476.0,3,1.0,453.0,616.0,524.4500443776709,553.231349280987,511.283162385965,581.3028396297639,3,2015-05-08
1,2015-06-16,2015-06-18,2,498.0,4,1.0,442.0,462.3333333333333,512.0103534563617,492.51684640961906,482.36297314752727,555.8577176442216,3,2015-05-08
1,2015-06-17,2015-06-19,2,487.0,5,1.0,422.0,609.0,541.4499988975153,516.5343011264711,484.3172292881735,567.1055753661014,3,2015-05-08
20,2015-05-07,2015-05-09,2,534.0,6,0.0,637.0,592.0,516.8529898982944,588.3854822339771,557.18996356142,671.58547693204,3,2015-05-08
20,2015-05-09,2015-05-11,2,990.0,1,0.0,1060.0,1076.0,939.1111316859779,955.3704804346964,877.532105245378,977.009389094031,3,2015-05-08
20,2015-05-10,2015-05-12,2,967.0,2,0.0,984.0,772.0,862.0710728900799,871.2138891792166,808.5126907034933,935.9928945712586,3,2015-05-08
20,2015-05-11,2015-05-13,2,974.0,3,0.0,875.0,1000.0,885.2182222361331,932.2041638311262,747.7958316617684,944.2126507213156,3,2015-05-08
20,2015-05-13,2015-05-15,2,761.0,5,0.0,825.0,780.0,759.7825400683973,744.6826630917387,664.1871755086478,854.4827265354963,3,2015-05-08
20,2015-05-14,2015-05-16,2,557.0,6,0.0,534.0,637.0,519.6558441219478,562.3789616092893,500.61886789283545,661.4851677312832,3,2015-05-08
20,2015-05-16,2015-05-18,2,1075.0,1,1.0,990.0,1060.0,1036.6073189502426,1041.1701538075652,909.6647260635291,1075.068797075961,3,2015-05-08
20,2015-05-17,2015-05-19,2,901.0,2,1.0,967.0,984.0,962.4086426291262,973.033406279074,867.0123352081274,996.4388076801129,3,2015-05-08
20,2015-05-18,2015-05-20,2,752.0,3,1.0,974.0,875.0,957.1752939318519,938.617340895311,858.5587664003002,977.3145549208841,3,2015-05-08
20,2015-05-19,2015-05-21,2,1033.0,4,1.0,1082.0,1110.0,1060.6250406552986,1095.1618104094728,928.753176282794,1118.6740820255466,3,2015-05-08
20,2015-05-20,2015-05-22,2,898.0,5,1.0,761.0,825.0,843.7610961381432,805.1571691386449,757.5569114913699,846.0079339768799,3,2015-05-08
20,2015-05-21,2015-05-23,2,547.0,6,0.0,557.0,534.0,517.6812207423559,580.8574221299662,517.1582706555625,686.6775006109308,3,2015-05-08
20,2015-05-24,2015-05-26,2,1011.0,2,0.0,901.0,967.0,849.3849516011305,857.8962691044336,795.5723121105178,938.648960476026,3,2015-05-08
20,2015-05-25,2015-05-27,2,906.0,3,0.0,752.0,974.0,841.7388089069517,868.5953707567069,815.2565363251648,928.1859002739993,3,2015-05-08
20,2015-05-26,2015-05-28,2,1048.0,4,0.0,1033.0,1106.6666666666667,958.4316668948292,994.567678421466,852.2208748968503,1017.4474066080298,3,2015-05-08
20,2015-05-27,2015-05-29,2,791.0,5,0.0,898.0,761.0,754.6423381082726,797.0343943589747,739.601639079279,880.8201302525023,3,2015-05-08
20,2015-05-28,2015-05-30,2,616.0,6,0.0,547.0,557.0,545.8789257267621,582.4803828385576,531.7408371876081,663.5396418355903,3,2015-05-08
20,2015-05-30,2015-06-01,2,1043.0,1,1.0,1041.6666666666667,1075.0,1040.258793817154,1061.6589717021293,902.2668134336327,1106.5724228860258,3,2015-05-08
20,2015-05-31,2015-06-02,2,1015.0,2,1.0,1011.0,901.0,966.1949342934818,979.0515411516487,861.192057982705,1053.878138602314,3,2015-05-08
20,2015-06-01,2015-06-03,2,1093.0,3,1.0,906.0,752.0,988.1252335335514,948.2160365025111,697.2113572306357,987.3059983904906,3,2015-05-08
20,2015-06-03,2015-06-05,2,830.0,5,1.0,791.0,898.0,858.7261581661078,843.2484839886625,804.8508912983966,881.6185815623846,3,2015-05-08
20,2015-06-04,2015-06-06,2,514.0,6,0.0,616.0,547.0,556.1094352952615,580.9302229586682,527.086822323057,614.060390566457,3,2015-05-08
20,2015-06-06,2015-06-08,2,930.0,1,0.0,1043.0,1036.0,976.5809267470204,952.5467316783424,860.0845576708786,1007.2704631203209,3,2015-05-08
20,2015-06-07,2015-06-09,2,942.0,2,0.0,1015.0,1011.0,899.8327863415758,887.9123401299772,862.8160299866684,957.3338073194544,3,2015-05-08
20,2015-06-08,2015-06-10,2,857.0,3,0.0,1093.0,906.0,883.8590388410104,893.0444986010651,841.8588255487443,925.798035402749,3,2015-05-08
20,2015-06-09,2015-06-11,2,1038.0,4,0.0,1040.5,1048.0,990.3331236073986,964.3631456834489,872.1522440567202,975.3788789610636,3,2015-05-08
20,2015-06-10,2015-06-12,2,776.0,5,0.0,830.0,791.0,776.1155741077705,814.9997989580481,737.0346283496167,865.7186063659902,3,2015-05-08
20,2015-06-11,2015-06-13,2,590.0,6,0.0,514.0,616.0,535.7021366341614,555.5544273186898,503.4691159893823,621.1909853214788,3,2015-05-08
20,2015-06-13,2015-06-15,2,842.0,1,1.0,930.0,1043.0,1043.5397686982228,1076.9740782367178,916.83777247566,1076.9740782367178,3,2015-05-08
20,2015-06-14,2015-06-16,2,1021.0,2,1.0,942.0,1015.0,967.0267716550811,979.3266156225085,837.8631043437931,1049.0781044245289,3,2015-05-08
20,2015-06-15,2015-06-17,2,1010.0,3,1.0,857.0,1093.0,944.1441899227179,937.2997839535146,864.4696011718974,978.289278588063,3,2015-05-08
20,2015-06-16,2015-06-18,2,922.0,4,1.0,1038.0,1039.6666666666667,1052.6760569357932,1070.390362940138,897.8842792079895,1097.9174295704117,3,2015-05-08
20,2015-06-17,2015-06-19,2,894.0,5,1.0,776.0,830.0,842.9527757345818,829.4193685519778,799.207375165225,899.2737768849998,3,2015-05-08
1,2015-05-06,2015-05-09,3,596.0,6,0.0,653.0,537.0,581.9592981039652,565.3376714447043,512.3968718257803,604.7880726516887,3,2015-05-08
1,2015-05-08,2015-05-11,3,453.0,1,0.0,589.0,574.0,524.2312355308934,509.9281565757331,481.0871998864359,603.4947394450878,3,2015-05-08
1,2015-05-09,2015-05-12,3,438.0,2,0.0,514.0,552.0,484.7092300986182,495.00858262270987,457.9695135742986,569.7852822327387,3,2015-05-08
1,2015-05-10,2015-05-13,3,523.0,3,0.0,536.0,579.0,486.97713095392413,512.4999899033539,458.0274439910928,613.1348395046591,3,2015-05-08
1,2015-05-12,2015-05-15,3,523.0,5,0.0,536.0,494.6666666666667,493.52947871492313,478.67256045596923,477.2143610844393,594.0406167047939,3,2015-05-08
1,2015-05-13,2015-05-16,3,505.0,6,0.0,596.0,653.0,566.6698112558425,572.063868082272,518.399681472772,619.5347141807326,3,2015-05-08
1,2015-05-15,2015-05-18,3,577.0,1,1.0,453.0,589.0,589.1686644824831,534.2999274999623,493.8447245720958,601.4935409202096,3,2015-05-08
1,2015-05-16,2015-05-19,3,546.0,2,1.0,438.0,514.0,545.227534989432,507.76384118681597,490.02259201073065,591.4746708289999,3,2015-05-08
1,2015-05-17,2015-05-20,3,533.0,3,1.0,523.0,536.0,538.4056908942351,518.0026157463171,493.2400040534458,623.0624712158477,3,2015-05-08
1,2015-05-18,2015-05-21,3,471.0,4,1.0,522.3333333333334,491.0,524.8823373041508,525.0107441822696,471.72813998080153,630.4004655952,3,2015-05-08
1,2015-05-19,2015-05-22,3,495.0,5,1.0,523.0,536.0,555.0862301270603,553.9695994157465,506.5965938974495,614.0543179496808,3,2015-05-08
1,2015-05-20,2015-05-23,3,506.0,6,0.0,505.0,596.0,546.2377470169532,574.9424350255299,486.2126882679499,616.2763589985061,3,2015-05-08
1,2015-05-23,2015-05-26,3,479.0,2,0.0,546.0,438.0,440.3775570067885,502.3691324330703,451.5070491071489,582.9287526277234,3,2015-05-08
1,2015-05-24,2015-05-27,3,497.0,3,0.0,533.0,523.0,434.17458393708205,503.3937062317046,459.7821440348671,589.0587249256148,3,2015-05-08
1,2015-05-25,2015-05-28,3,474.0,4,0.0,471.0,537.3333333333334,422.2329910960576,514.4251282096795,470.3373062882975,625.4079865651124,3,2015-05-08
1,2015-05-26,2015-05-29,3,537.0,5,0.0,495.0,523.0,456.14247034535975,519.459322620633,464.6520430498525,656.1367311134226,3,2015-05-08
1,2015-05-27,2015-05-30,3,580.0,6,0.0,506.0,505.0,530.7621180434658,585.7931828011564,504.44375192107464,684.0802762080937,3,2015-05-08
1,2015-05-29,2015-06-01,3,607.0,1,1.0,539.6666666666666,577.0,562.5452450035035,555.199361266997,538.2471133754588,590.9633940760108,3,2015-05-08
1,2015-05-30,2015-06-02,3,590.0,2,1.0,479.0,546.0,525.3257609869531,573.747163780602,528.0383482017769,593.7022993646384,3,2015-05-08
1,2015-05-31,2015-06-03,3,616.0,3,1.0,497.0,533.0,532.6787713208498,582.6853109685768,523.1425627907967,620.5399348147337,3,2015-05-08
1,2015-06-02,2015-06-05,3,609.0,5,1.0,537.0,495.0,549.0628887124238,580.6024025634499,519.6132721855272,621.4052905276174,3,2015-05-08
1,2015-06-03,2015-06-06,3,460.0,6,0.0,580.0,506.0,546.2245520181593,539.9832663697812,510.03425095219615,610.0420177700913,3,2015-05-08
1,2015-06-05,2015-06-08,3,502.0,1,0.0,607.0,545.6666666666666,497.78381930674277,469.9821346185934,469.9821346185934,538.6446884949818,3,2015-05-08
1,2015-06-06,2015-06-09,3,485.0,2,0.0,590.0,479.0,455.91123274724396,484.0945451446857,459.8207741441258,538.5220236537782,3,2015-05-08
1,2015-06-07,2015-06-10,3,453.0,3,0.0,616.0,497.0,451.71423682720035,501.13246411740084,462.01350680867273,534.3485957068501,3,2015-05-08
1,2015-06-08,2015-06-11,3,442.0,4,0.0,472.5,474.0,441.1726175247015,451.2972085984548,411.54759455154766,568.2719521365188,3,2015-05-08
1,2015-06-09,2015-06-12,3,422.0,5,0.0,609.0,537.0,476.3434769612483,490.7988834046433,474.64350032799166,542.4014578809436,3,2015-05-08
1,2015-06-10,2015-06-13,3,502.0,6,0.0,460.0,580.0,547.7904371180246,500.06604909234164,463.33427006688737,543.5562759190454,3,2015-05-08
1,2015-06-12,2015-06-15,3,586.0,1,1.0,502.0,607.0,572.1606869845804,578.2826639425776,541.7435262418476,641.0881404911203,3,2015-05-08
1,2015-06-13,2015-06-16,3,503.0,2,1.0,485.0,590.0,529.9655147433123,548.9078201337359,526.1095629391799,587.8185422300878,3,2015-05-08
1,2015-06-14,2015-06-17,3,476.0,3,1.0,453.0,616.0,524.5311513946476,551.7281823081661,513.5970623227277,588.8632116351702,3,2015-05-08
1,2015-06-15,2015-06-18,3,498.0,4,1.0,442.0,462.3333333333333,512.754389981166,495.6931657939936,471.34193281401,558.4236804967176,3,2015-05-08
1,2015-06-16,2015-06-19,3,487.0,5,1.0,422.0,609.0,543.7555724132623,515.4756754153229,483.85286014469614,582.2540615907587,3,2015-05-08
20,2015-05-06,2015-05-09,3,534.0,6,0.0,637.0,592.0,514.1793285252645,558.3492366829319,545.091512030557,674.9880306412224,3,2015-05-08
20,2015-05-08,2015-05-11,3,990.0,1,0.0,1060.0,1076.0,938.0676212521904,956.4813606239876,897.6459695255427,993.0867740123037,3,2015-05-08
20,2015-05-09,2015-05-12,3,967.0,2,0.0,984.0,772.0,862.0710728900799,869.6369676262351,814.3715452459195,944.0699313362707,3,2015-05-08
20,2015-05-10,2015-05-13,3,974.0,3,0.0,875.0,1000.0,883.1478323176151,918.8579195070415,747.1574516732483,948.5626604173364,3,2015-05-08
20,2015-05-12,2015-05-15,3,761.0,5,0.0,825.0,780.0,756.1929641021728,743.680608604292,681.9889915302383,861.5537582410589,3,2015-05-08
20,2015-05-13,2015-05-16,3,557.0,6,0.0,534.0,637.0,519.6558441219478,558.588862610863,513.5149201984475,673.3411316327495,3,2015-05-08
20,2015-05-15,2015-05-18,3,1075.0,1,1.0,990.0,1060.0,1034.9706805217188,1027.3947375033244,914.0398438855884,1097.28784444174,3,2015-05-08
20,2015-05-16,2015-05-19,3,901.0,2,1.0,967.0,984.0,962.4086426291262,967.2451824809237,855.3071185611553,998.4253319562199,3,2015-05-08
20,2015-05-17,2015-05-20,3,752.0,3,1.0,974.0,875.0,955.2905068532826,955.4092230177315,847.1833470206373,973.3911695749194,3,2015-05-08
20,2015-05-18,2015-05-21,3,1033.0,4,1.0,1082.0,1110.0,1063.6157691708104,1081.8351448181095,912.2512061792988,1144.9899291770093,3,2015-05-08
20,2015-05-19,2015-05-22,3,898.0,5,1.0,761.0,825.0,852.4390663987816,820.3982233684205,775.9826875431746,820.3982233684205,3,2015-05-08
20,2015-05-20,2015-05-23,3,547.0,6,0.0,557.0,534.0,518.3424959809347,582.2473384590003,508.2495787368191,679.2930682642238,3,2015-05-08
20,2015-05-23,2015-05-26,3,1011.0,2,0.0,901.0,967.0,849.3849516011305,874.8386112433842,803.4327418285709,932.0071784446048,3,2015-05-08
20,2015-05-24,2015-05-27,3,906.0,3,0.0,752.0,974.0,841.7388089069517,883.6499351509478,830.9857473385728,930.1833042458097,3,2015-05-08
20,2015-05-25,2015-05-28,3,1048.0,4,0.0,1033.0,1106.6666666666667,950.958549797245,980.3065085805023,844.8212831468486,1023.0101390875318,3,2015-05-08
20,2015-05-26,2015-05-29,3,791.0,5,0.0,898.0,761.0,751.5511579904717,778.8743295929817,733.6863939579882,891.569758230462,3,2015-05-08
20,2015-05-27,2015-05-30,3,616.0,6,0.0,547.0,557.0,542.1917104039392,581.7143058424829,530.0258608257325,663.1749267193953,3,2015-05-08
20,2015-05-29,2015-06-01,3,1043.0,1,1.0,1041.6666666666667,1075.0,1037.4390886127007,1059.3033112109858,926.5025685333203,1104.8557883651617,3,2015-05-08
20,2015-05-30,2015-06-02,3,1015.0,2,1.0,1011.0,901.0,966.1949342934818,979.2450833371131,872.0871849234067,1041.0388668021487,3,2015-05-08
20,2015-05-31,2015-06-03,3,1093.0,3,1.0,906.0,752.0,989.2322498463857,940.1997531918198,688.8755311489662,982.4696590674674,3,2015-05-08
20,2015-06-02,2015-06-05,3,830.0,5,1.0,791.0,898.0,854.9066480878131,840.5836697018738,797.2187952345765,854.5907180102521,3,2015-05-08
20,2015-06-03,2015-06-06,3,514.0,6,0.0,616.0,547.0,556.1094352952615,606.6641769849876,519.3096844054011,606.6641769849876,3,2015-05-08
20,2015-06-05,2015-06-08,3,930.0,1,0.0,1043.0,1036.0,978.0804490349518,968.3226281468587,854.7732942450504,1014.7769440797402,3,2015-05-08
20,2015-06-06,2015-06-09,3,942.0,2,0.0,1015.0,1011.0,899.8327863415758,900.601688893268,857.088346520615,947.8128805303534,3,2015-05-08
20,2015-06-07,2015-06-10,3,857.0,3,0.0,1093.0,906.0,886.095753370913,900.7871559266074,841.2416098576654,943.4755485152959,3,2015-05-08
20,2015-06-08,2015-06-11,3,1038.0,4,0.0,1040.5,1048.0,988.3791592343575,970.8279515772093,886.7268738827213,970.8279515772093,3,2015-05-08
20,2015-06-09,2015-06-12,3,776.0,5,0.0,830.0,791.0,777.7009568240741,805.5406246999605,713.6787568186782,811.6887923857463,3,2015-05-08
20,2015-06-10,2015-06-13,3,590.0,6,0.0,514.0,616.0,533.797041548961,562.4502040647697,501.13566692028303,598.3743409308518,3,2015-05-08
20,2015-06-12,2015-06-15,3,842.0,1,1.0,930.0,1043.0,1041.4434426595496,1059.3045948595257,921.8766792900446,1090.4518854837177,3,2015-05-08
20,2015-06-13,2015-06-16,3,1021.0,2,1.0,942.0,1015.0,967.0267716550811,981.2881843639595,845.8436307998439,1048.0518480146673,3,2015-05-08
20,2015-06-14,2015-06-17,3,1010.0,3,1.0,857.0,1093.0,952.4567324827204,966.2734294829044,874.1501465885684,981.565797583504,3,2015-05-08
20,2015-06-15,2015-06-18,3,922.0,4,1.0,1038.0,1039.6666666666667,1049.9279529574214,1052.525649371527,886.4348882482557,1109.1238095865474,3,2015-05-08
20,2015-06-16,2015-06-19,3,894.0,5,1.0,776.0,830.0,840.4032056715689,844.67548915177,804.9421156867489,905.8183450058244,3,2015-05-08
1,2015-05-05,2015-05-09,4,596.0,6,0.0,653.0,537.0,583.6330883576753,551.7175542098927,514.4431663797346,617.7887757991251,3,2015-05-08
1,2015-05-07,2015-05-11,4,453.0,1,0.0,589.0,574.0,526.765752586468,493.8234026345166,482.99188957435706,612.6593674840076,3,2015-05-08
1,2015-05-08,2015-05-12,4,438.0,2,0.0,514.0,552.0,484.3019468312728,489.8096177538592,456.735260439547,576.7132943163351,3,2015-05-08
1,2015-05-09,2015-05-13,4,523.0,3,0.0,536.0,579.0,486.97713095392413,511.5917041719032,466.5583059752242,604.5828440656575,3,2015-05-08
1,2015-05-11,2015-05-15,4,523.0,5,0.0,536.0,494.6666666666667,495.67454974958895,482.27131258385845,460.4388445937137,608.652555311558,3,2015-05-08
1,2015-05-12,2015-05-16,4,505.0,6,0.0,596.0,653.0,565.5655584041057,552.7128078760601,508.2490382550433,640.2952490775073,3,2015-05-08
1,2015-05-14,2015-05-18,4,577.0,1,1.0,453.0,589.0,588.591022957476,536.3888241633583,505.03502752874317,588.0852650089693,3,2015-05-08
1,2015-05-15,2015-05-19,4,546.0,2,1.0,438.0,514.0,547.5659022597612,522.3020082614912,492.60158275056136,586.9313591445722,3,2015-05-08
1,2015-05-16,2015-05-20,4,533.0,3,1.0,523.0,536.0,538.4056908942351,501.3598515756547,501.3598515756547,608.1548816955478,3,2015-05-08
1,2015-05-17,2015-05-21,4,471.0,4,1.0,522.3333333333334,491.0,525.9751287158301,510.8410090145178,495.21397213137925,614.5216288002764,3,2015-05-08
1,2015-05-18,2015-05-22,4,495.0,5,1.0,523.0,536.0,554.862884379175,541.9350278984499,522.1204588961457,609.7807904565818,3,2015-05-08
1,2015-05-19,2015-05-23,4,506.0,6,0.0,505.0,596.0,546.3154524270358,557.0652075674716,494.3863013797486,617.6938107983445,3,2015-05-08
1,2015-05-22,2015-05-26,4,479.0,2,0.0,546.0,438.0,442.4640300348162,496.2481739375645,453.5506578338552,601.6203243158778,3,2015-05-08
1,2015-05-23,2015-05-27,4,497.0,3,0.0,533.0,523.0,434.17458393708205,504.82354184156367,462.2281025581307,597.0428221678903,3,2015-05-08
1,2015-05-24,2015-05-28,4,474.0,4,0.0,471.0,537.3333333333334,422.2329910960576,520.9013727693072,468.3625602944908,639.9894996766733,3,2015-05-08
1,2015-05-25,2015-05-29,4,537.0,5,0.0,495.0,523.0,453.55452309466136,515.8737949466275,468.7377963661442,631.6650174963846,3,2015-05-08
1,2015-05-26,2015-05-30,4,580.0,6,0.0,506.0,505.0,528.0515694928279,595.5864818221995,493.04680227135873,676.4686029676002,3,2015-05-08
1,2015-05-28,2015-06-01,4,607.0,1,1.0,539.6666666666666,577.0,558.672188561228,549.8252862604885,536.5821396969277,598.6705554073599,3,2015-05-08
1,2015-05-29,2015-06-02,4,590.0,2,1.0,479.0,546.0,523.4059648478855,554.5681786451006,521.1341272232102,570.9497393009655,3,2015-05-08
1,2015-05-30,2015-06-03,4,616.0,3,1.0,497.0,533.0,532.6787713208498,606.5180246373269,520.2217277401392,606.5180246373269,3,2015-05-08
1,2015-06-01,2015-06-05,4,609.0,5,1.0,537.0,495.0,545.9809479834682,570.344185574406,519.7261699710743,605.0891258387771,3,2015-05-08
1,2015-06-02,2015-06-06,4,460.0,6,0.0,580.0,506.0,543.3282578038807,541.2836642685729,496.28358144934145,611.8376587319976,3,2015-05-08
1,2015-06-04,2015-06-08,4,502.0,1,0.0,607.0,545.6666666666666,494.87072594910694,476.54127441969143,476.54127441969143,532.4476615505173,3,2015-05-08
1,2015-06-05,2015-06-09,4,485.0,2,0.0,590.0,479.0,459.0633674992226,497.7984542875366,468.2840049437209,535.1745816847122,3,2015-05-08
1,2015-06-06,2015-06-10,4,453.0,3,0.0,616.0,497.0,451.71423682720035,503.8085728688282,449.13856971036057,544.8524993726447,3,2015-05-08
1,2015-06-07,2015-06-11,4,442.0,4,0.0,472.5,474.0,441.0680638387733,456.23824666476986,409.8396169384315,581.7583377498875,3,2015-05-08
1,2015-06-08,2015-06-12,4,422.0,5,0.0,609.0,537.0,474.39164329842174,504.1794375976687,473.3432982116814,538.9507989021242,3,2015-05-08
1,2015-06-09,2015-06-13,4,502.0,6,0.0,460.0,580.0,547.6377638369767,507.5996154115387,460.7928128486538,540.0783566557317,3,2015-05-08
1,2015-06-11,2015-06-15,4,586.0,1,1.0,502.0,607.0,574.5737102969281,583.7541913491643,547.1923935870385,643.9270384070115,3,2015-05-08
1,2015-06-12,2015-06-16,4,503.0,2,1.0,485.0,590.0,532.7833300151336,563.1526299414573,532.6685586195679,577.4764255284878,3,2015-05-08
1,2015-06-13,2015-06-17,4,476.0,3,1.0,453.0,616.0,524.5311513946476,554.7553291079959,512.7612804430721,579.4695452552915,3,2015-05-08
1,2015-06-14,2015-06-18,4,498.0,4,1.0,442.0,462.3333333333333,512.8458792615448,499.69366325744977,468.43965618792623,554.682734302867,3,2015-05-08
1,2015-06-15,2015-06-19,4,487.0,5,1.0,422.0,609.0,544.4984771401502,525.5646578213705,492.5429620354077,560.0235672277299,3,2015-05-08
20,2015-05-05,2015-05-09,4,534.0,6,0.0,637.0,592.0,517.4538298042808,574.840496659242,549.7735362106945,670.632336413682,3,2015-05-08
20,2015-05-07,2015-05-11,4,990.0,1,0.0,1060.0,1076.0,939.3757046350476,961.3748593990772,913.290939920805,976.3409146955752,3,2015-05-08
20,2015-05-08,2015-05-12,4,967.0,2,0.0,984.0,772.0,861.5175238029015,874.5231728764679,820.5350283455282,948.931314754938,3,2015-05-08
20,2015-05-09,2015-05-13,4,974.0,3,0.0,875.0,1000.0,883.1478323176151,932.2324739981859,763.5586220278598,960.4538743272112,3,2015-05-08
20,2015-05-11,2015-05-15,4,761.0,5,0.0,825.0,780.0,751.441338986378,743.9827153244471,659.1106148402623,839.7919151357203,3,2015-05-08
20,2015-05-12,2015-05-16,4,557.0,6,0.0,534.0,637.0,516.5080567240813,547.3343839632862,509.0088235457147,661.7157292732927,3,2015-05-08
20,2015-05-14,2015-05-18,4,1075.0,1,1.0,990.0,1060.0,1035.263527688133,1057.6911891447912,935.5770968493407,1110.9751364849578,3,2015-05-08
20,2015-05-15,2015-05-19,4,901.0,2,1.0,967.0,984.0,960.9695506688415,972.8930516557936,878.1319508174304,1001.080895132361,3,2015-05-08
20,2015-05-16,2015-05-20,4,752.0,3,1.0,974.0,875.0,955.2905068532826,972.918369075797,876.0878740817311,972.918369075797,3,2015-05-08
20,2015-05-17,2015-05-21,4,1033.0,4,1.0,1082.0,1110.0,1061.877467881473,1067.3509251148814,944.2689779766453,1125.6764102931088,3,2015-05-08
20,2015-05-18,2015-05-22,4,898.0,5,1.0,761.0,825.0,855.436701040474,816.8143435482614,759.5929055488336,826.7754021331473,3,2015-05-08
20,2015-05-19,2015-05-23,4,547.0,6,0.0,557.0,534.0,526.4684990746936,563.1657753336751,520.7947997543944,668.3930670917689,3,2015-05-08
20,2015-05-22,2015-05-26,4,1011.0,2,0.0,901.0,967.0,846.9080852705257,846.0558724959317,784.658412690987,919.5738607516939,3,2015-05-08
20,2015-05-23,2015-05-27,4,906.0,3,0.0,752.0,974.0,841.7388089069517,863.100187166586,830.7491620626813,928.5166366621636,3,2015-05-08
20,2015-05-24,2015-05-28,4,1048.0,4,0.0,1033.0,1106.6666666666667,950.958549797245,991.0372929779578,868.4410649758802,1017.0731752557274,3,2015-05-08
20,2015-05-25,2015-05-29,4,791.0,5,0.0,898.0,761.0,744.3491725255376,786.067635225457,745.6825119326394,882.6193340383138,3,2015-05-08
20,2015-05-26,2015-05-30,4,616.0,6,0.0,547.0,557.0,539.834337588386,542.3352684987908,542.3352684987908,652.5171731791539,3,2015-05-08
20,2015-05-28,2015-06-01,4,1043.0,1,1.0,1041.6666666666667,1075.0,1035.6204701433262,1079.5288401059654,935.0363031327627,1109.126320463155,3,2015-05-08
20,2015-05-29,2015-06-02,4,1015.0,2,1.0,1011.0,901.0,963.3300224111001,989.8377341813193,857.6312454735184,1030.1610976098498,3,2015-05-08
20,2015-05-30,2015-06-03,4,1093.0,3,1.0,906.0,752.0,989.2322498463857,939.1186886417597,706.2353861130539,964.8952222344595,3,2015-05-08
20,2015-06-01,2015-06-05,4,830.0,5,1.0,791.0,898.0,852.3694710291493,847.9973815742974,791.7743372508702,853.326245970278,3,2015-05-08
20,2015-06-02,2015-06-06,4,514.0,6,0.0,616.0,547.0,553.2400802074892,570.5140640758309,532.8992283259349,599.5005447543779,3,2015-05-08
20,2015-06-04,2015-06-08,4,930.0,1,0.0,1043.0,1036.0,978.581504985786,982.2150147502434,879.6702126865938,982.2150147502434,3,2015-05-08
20,2015-06-05,2015-06-09,4,942.0,2,0.0,1015.0,1011.0,901.3487805649696,915.1905855443724,861.7264051036675,959.2377770268693,3,2015-05-08
20,2015-06-06,2015-06-10,4,857.0,3,0.0,1093.0,906.0,886.095753370913,879.570285811538,853.6180826563341,918.7704308337431,3,2015-05-08
20,2015-06-07,2015-06-11,4,1038.0,4,0.0,1040.5,1048.0,990.6354558157901,975.2689563907986,858.5140770870252,985.0647414208265,3,2015-05-08
20,2015-06-08,2015-06-12,4,776.0,5,0.0,830.0,791.0,775.932863483145,798.8215901340498,729.445919261743,811.6335422566489,3,2015-05-08
20,2015-06-09,2015-06-13,4,590.0,6,0.0,514.0,616.0,535.2889717840465,561.5446211701551,489.7848015490418,602.1450026241303,3,2015-05-08
20,2015-06-11,2015-06-15,4,842.0,1,1.0,930.0,1043.0,1041.521543080472,1080.2641796555429,931.3650257167552,1089.0945866687705,3,2015-05-08
20,2015-06-12,2015-06-16,4,1021.0,2,1.0,942.0,1015.0,965.3140056545476,980.8927886863752,847.4057071390555,1038.7278404593194,3,2015-05-08
20,2015-06-13,2015-06-17,4,1010.0,3,1.0,857.0,1093.0,952.4567324827204,978.6228084104358,885.8182488262245,984.4294153890052,3,2015-05-08
20,2015-06-14,2015-06-18,4,922.0,4,1.0,1038.0,1039.6666666666667,1058.3120116397104,1079.4784625987174,895.5688322414225,1122.362038399611,3,2015-05-08
20,2015-06-15,2015-06-19,4,894.0,5,1.0,776.0,830.0,837.7470132815603,841.9115421147694,798.8862128892955,872.1016016170485,3,2015-05-08
1,2015-05-04,2015-05-09,5,596.0,6,0.0,653.0,537.0,585.4279384941489,552.4341784187554,512.5787808759397,618.4898722560303,3,2015-05-08
1,2015-05-06,2015-05-11,5,453.0,1,0.0,589.0,574.0,529.6303478076087,506.846877129856,489.21981063349887,594.464887895068,3,2015-05-08
1,2015-05-07,2015-05-12,5,438.0,2,0.0,514.0,552.0,486.86282094265437,492.22602967364577,454.1185674932121,579.5977533173703,3,2015-05-08
1,2015-05-08,2015-05-13,5,523.0,3,0.0,536.0,579.0,486.5907622317481,510.965403453056,462.2835625500618,593.1488518364631,3,2015-05-08
1,2015-05-10,2015-05-15,5,523.0,5,0.0,536.0,494.6666666666667,498.4741161964301,495.8717017738996,477.77664897711657,614.116846689268,3,2015-05-08
1,2015-05-11,2015-05-16,5,505.0,6,0.0,596.0,653.0,567.6440103158799,567.6054230450451,515.7434665058413,641.6142279274334,3,2015-05-08
1,2015-05-13,2015-05-18,5,577.0,1,1.0,453.0,589.0,588.591022957476,547.8475091889065,509.694835214562,592.2252846427707,3,2015-05-08
1,2015-05-14,2015-05-19,5,546.0,2,1.0,438.0,514.0,547.037248405125,526.4567822735518,503.81939628558905,597.8800765376643,3,2015-05-08
1,2015-05-15,2015-05-20,5,533.0,3,1.0,523.0,536.0,540.700796308039,521.3124624490155,505.4920354409339,606.3176656066812,3,2015-05-08
1,2015-05-16,2015-05-21,5,471.0,4,1.0,522.3333333333334,491.0,525.9751287158301,531.9097837579666,478.82099990150334,623.2688630929438,3,2015-05-08
1,2015-05-17,2015-05-22,5,495.0,5,1.0,523.0,536.0,555.9726237941798,541.4232224762147,512.3562799361845,601.48481820831,3,2015-05-08
1,2015-05-18,2015-05-23,5,506.0,6,0.0,505.0,596.0,546.1626442859178,555.6869842687482,492.3619148680722,624.1851245564613,3,2015-05-08
1,2015-05-21,2015-05-26,5,479.0,2,0.0,546.0,438.0,445.9840446294139,508.7783300801555,473.5543101914976,576.0229101602682,3,2015-05-08
1,2015-05-22,2015-05-27,5,497.0,3,0.0,533.0,523.0,436.34666908599917,503.6132495999587,463.38130700528006,574.2690119932632,3,2015-05-08
1,2015-05-23,2015-05-28,5,474.0,4,0.0,471.0,537.3333333333334,422.2329910960576,508.513543980495,469.3267783443333,607.3244964870524,3,2015-05-08
1,2015-05-24,2015-05-29,5,537.0,5,0.0,495.0,523.0,453.55452309466136,521.9389547175244,476.4957925217326,608.8347120615589,3,2015-05-08
1,2015-05-25,2015-05-30,5,580.0,6,0.0,506.0,505.0,525.5866904999922,587.9857581099112,497.56412646934905,674.6353025397201,3,2015-05-08
1,2015-05-27,2015-06-01,5,607.0,1,1.0,539.6666666666666,577.0,556.2149300286718,556.1114001599975,530.4866414781386,604.0436928441353,3,2015-05-08
1,2015-05-28,2015-06-02,5,590.0,2,1.0,479.0,546.0,519.601635719369,565.0441038944139,522.8063488659816,572.1946738895508,3,2015-05-08
1,2015-05-29,2015-06-03,5,616.0,3,1.0,497.0,533.0,530.6713643585493,586.2152037476694,518.521750555434,602.3306298938921,3,2015-05-08
1,2015-05-31,2015-06-05,5,609.0,5,1.0,537.0,495.0,543.640059217956,558.458437307072,525.0623965974584,616.3788936259607,3,2015-05-08
1,2015-06-01,2015-06-06,5,460.0,6,0.0,580.0,506.0,540.3766350269726,538.178438903204,485.7992673882969,613.3877105970408,3,2015-05-08
1,2015-06-03,2015-06-08,5,502.0,1,0.0,607.0,545.6666666666666,494.87072594910694,475.98827122716085,475.98827122716085,538.7691183761876,3,2015-05-08
1,2015-06-04,2015-06-09,5,485.0,2,0.0,590.0,479.0,456.19584159011674,488.8631135816196,465.87549319211615,526.3031240934554,3,2015-05-08
1,2015-06-05,2015-06-10,5,453.0,3,0.0,616.0,497.0,454.79794421167,496.26378381953214,458.80510429288836,548.8617978310323,3,2015-05-08
1,2015-06-06,2015-06-11,5,442.0,4,0.0,472.5,474.0,441.0680638387733,462.2101659472806,417.0230636827813,564.9501145623419,3,2015-05-08
1,2015-06-07,2015-06-12,5,422.0,5,0.0,609.0,537.0,474.3229222425373,478.4205315581159,475.415375797375,536.7191988831077,3,2015-05-08
1,2015-06-08,2015-06-13,5,502.0,6,0.0,460.0,580.0,545.7431171464186,511.63878009566486,466.84438147364375,545.9724548789219,3,2015-05-08
1,2015-06-10,2015-06-15,5,586.0,1,1.0,502.0,607.0,574.5360137658903,570.7525888403655,530.6257234949486,650.3923081006419,3,2015-05-08
1,2015-06-11,2015-06-16,5,503.0,2,1.0,485.0,590.0,535.1948545657763,565.8448992396367,525.2002267327783,569.1936778620866,3,2015-05-08
1,2015-06-12,2015-06-17,5,476.0,3,1.0,453.0,616.0,527.397472415432,557.3927882087489,500.9703652048262,557.3927882087489,3,2015-05-08
1,2015-06-13,2015-06-18,5,498.0,4,1.0,442.0,462.3333333333333,512.8458792615448,498.6410186441487,475.5033263067185,555.6264376738562,3,2015-05-08
1,2015-06-14,2015-06-19,5,487.0,5,1.0,422.0,609.0,544.6534816687096,518.4775974433952,478.2915444155836,544.1043484639689,3,2015-05-08
20,2015-05-04,2015-05-09,5,534.0,6,0.0,637.0,592.0,516.9445239761034,558.8528752410419,544.1424127926234,658.5369419312127,3,2015-05-08
20,2015-05-06,2015-05-11,5,990.0,1,0.0,1060.0,1076.0,936.8669158999845,960.8522174939069,912.6601945914017,992.659814971966,3,2015-05-08
20,2015-05-07,2015-05-12,5,967.0,2,0.0,984.0,772.0,862.5465419044983,889.0984741749709,827.2168577374581,975.5250574203901,3,2015-05-08
20,2015-05-08,2015-05-13,5,974.0,3,0.0,875.0,1000.0,882.5996470997358,913.6673022357155,798.9281589366909,956.7853354930119,3,2015-05-08
20,2015-05-10,2015-05-15,5,761.0,5,0.0,825.0,780.0,749.5097882224509,726.3953608176679,664.952578168417,857.0902480935898,3,2015-05-08
20,2015-05-11,2015-05-16,5,557.0,6,0.0,534.0,637.0,512.2583850594401,540.8614036213899,509.68140465012493,641.9205034244326,3,2015-05-08
20,2015-05-13,2015-05-18,5,1075.0,1,1.0,990.0,1060.0,1035.263527688133,1046.5744656845757,948.3406162311628,1112.8851649239407,3,2015-05-08
20,2015-05-14,2015-05-19,5,901.0,2,1.0,967.0,984.0,960.9762271770031,994.8540507962296,885.3626599473588,999.8903185635679,3,2015-05-08
20,2015-05-15,2015-05-20,5,752.0,3,1.0,974.0,875.0,953.7325222990305,962.5846676695917,869.1034684605994,988.0259312471296,3,2015-05-08
20,2015-05-16,2015-05-21,5,1033.0,4,1.0,1082.0,1110.0,1061.877467881473,1067.9234967523669,909.8000584292774,1119.6706477982523,3,2015-05-08
20,2015-05-17,2015-05-22,5,898.0,5,1.0,761.0,825.0,853.950016371333,825.939984375404,743.8645191135241,825.939984375404,3,2015-05-08
20,2015-05-18,2015-05-23,5,547.0,6,0.0,557.0,534.0,529.2074017332058,570.3685487314414,528.8016764647092,651.8111792899355,3,2015-05-08
20,2015-05-21,2015-05-26,5,1011.0,2,0.0,901.0,967.0,845.3212837625,858.5902820097124,784.9785206305177,916.8049358913833,3,2015-05-08
20,2015-05-22,2015-05-27,5,906.0,3,0.0,752.0,974.0,839.1036656111328,871.9210261378051,802.6847502246405,924.7526414862471,3,2015-05-08
20,2015-05-23,2015-05-28,5,1048.0,4,0.0,1033.0,1106.6666666666667,950.958549797245,988.9467843449519,882.3789904916678,1013.5670387851112,3,2015-05-08
20,2015-05-24,2015-05-29,5,791.0,5,0.0,898.0,761.0,744.3491725255376,780.6459288500361,736.8240476005603,851.8810666605555,3,2015-05-08
20,2015-05-25,2015-05-30,5,616.0,6,0.0,547.0,557.0,534.5128770088381,558.3329955497204,515.7717280709235,630.0967436626552,3,2015-05-08
20,2015-05-27,2015-06-01,5,1043.0,1,1.0,1041.6666666666667,1075.0,1031.4119793188786,1055.039359593845,937.080164185514,1122.988140519694,3,2015-05-08
20,2015-05-28,2015-06-02,5,1015.0,2,1.0,1011.0,901.0,961.4835719679895,990.3173193113207,869.9298663019379,1050.5561315660066,3,2015-05-08
20,2015-05-29,2015-06-03,5,1093.0,3,1.0,906.0,752.0,986.4203096053428,938.9117761616038,715.7404926883223,979.7302315438382,3,2015-05-08
20,2015-05-31,2015-06-05,5,830.0,5,1.0,791.0,898.0,852.7973711138985,845.3768758166351,788.5105760264693,893.023883404237,3,2015-05-08
20,2015-06-01,2015-06-06,5,514.0,6,0.0,616.0,547.0,551.0524069416001,564.4344695205519,515.4713311279716,595.6510309899555,3,2015-05-08
20,2015-06-03,2015-06-08,5,930.0,1,0.0,1043.0,1036.0,978.581504985786,990.9530376658408,881.4884962314368,1006.9389132727332,3,2015-05-08
20,2015-06-04,2015-06-09,5,942.0,2,0.0,1015.0,1011.0,901.6287383890017,912.7484709416517,872.0684506861871,954.4750344142972,3,2015-05-08
20,2015-06-05,2015-06-10,5,857.0,3,0.0,1093.0,906.0,887.6793921291729,905.8279121049535,847.9545509826054,920.9546243084659,3,2015-05-08
20,2015-06-06,2015-06-11,5,1038.0,4,0.0,1040.5,1048.0,990.6354558157901,974.2680031748815,861.9192333119952,977.2234594854117,3,2015-05-08
20,2015-06-07,2015-06-12,5,776.0,5,0.0,830.0,791.0,778.2198666729181,802.0012855029989,711.1153872428297,826.3277477265314,3,2015-05-08
20,2015-06-08,2015-06-13,5,590.0,6,0.0,514.0,616.0,533.6257576062312,567.5751874953955,486.6481842709581,596.1215820432761,3,2015-05-08
20,2015-06-10,2015-06-15,5,842.0,1,1.0,930.0,1043.0,1039.4331250057146,1063.411953257027,935.2560905441233,1111.105886671937,3,2015-05-08
20,2015-06-11,2015-06-16,5,1021.0,2,1.0,942.0,1015.0,965.017428803733,981.6946504336827,870.2684248515982,1046.630450381498,3,2015-05-08
20,2015-06-12,2015-06-17,5,1010.0,3,1.0,857.0,1093.0,950.60523673595,952.5184665235502,890.2068196070943,969.3615907498191,3,2015-05-08
20,2015-06-13,2015-06-18,5,922.0,4,1.0,1038.0,1039.6666666666667,1058.3120116397104,1082.8295163711205,884.224221226874,1128.089060996501,3,2015-05-08
20,2015-06-14,2015-06-19,5,894.0,5,1.0,776.0,830.0,846.1172016339525,863.1747860096706,790.7815110996196,907.7875174510522,3,2015-05-08
1,2015-05-03,2015-05-09,6,596.0,6,0.0,653.0,537.0,586.0727129643235,553.4195456099102,516.5595101026013,617.9313741201449,3,2015-05-08
1,2015-05-05,2015-05-11,6,453.0,1,0.0,589.0,574.0,531.2665515492937,506.08441284857184,494.1100826596837,608.7370787857323,3,2015-05-08
1,2015-05-06,2015-05-12,6,438.0,2,0.0,514.0,552.0,489.69042570005547,494.71400143686856,458.1808848069954,559.2276021063029,3,2015-05-08
1,2015-05-07,2015-05-13,6,523.0,3,0.0,536.0,579.0,488.9523538540486,516.5763202362546,441.1386000049137,594.3697382238483,3,2015-05-08
1,2015-05-09,2015-05-15,6,523.0,5,0.0,536.0,494.6666666666667,498.4741161964301,506.53136599576914,489.1129902999319,611.4974022319903,3,2015-05-08
1,2015-05-10,2015-05-16,6,505.0,6,0.0,596.0,653.0,570.0563966375169,562.7736159687053,510.69064111248656,663.6463306589538,3,2015-05-08
1,2015-05-12,2015-05-18,6,577.0,1,1.0,453.0,589.0,587.5466229708437,560.2250109040278,498.3851026219821,589.1525023186967,3,2015-05-08
1,2015-05-13,2015-05-19,6,546.0,2,1.0,438.0,514.0,547.037248405125,526.1003002218974,497.39708450666205,598.3602779568461,3,2015-05-08
1,2015-05-14,2015-05-20,6,533.0,3,1.0,523.0,536.0,540.2307277158905,529.2904240557505,509.5859567814476,615.809082042919,3,2015-05-08
1,2015-05-15,2015-05-21,6,471.0,4,1.0,522.3333333333334,491.0,528.2612977115115,539.4246013213144,491.34827870215446,625.1094593737803,3,2015-05-08
1,2015-05-16,2015-05-22,6,495.0,5,1.0,523.0,536.0,555.9726237941798,563.0326256629243,517.0241497882753,597.5090199135399,3,2015-05-08
1,2015-05-17,2015-05-23,6,506.0,6,0.0,505.0,596.0,547.1951305855374,548.5381428499874,505.3171275547253,611.4176009016896,3,2015-05-08
1,2015-05-20,2015-05-26,6,479.0,2,0.0,546.0,438.0,447.78647400783655,538.4662409565738,485.77376013836255,589.4533873519517,3,2015-05-08
1,2015-05-21,2015-05-27,6,497.0,3,0.0,533.0,523.0,439.8248395004756,516.2454545992184,468.6304940369631,571.0271158965612,3,2015-05-08
1,2015-05-22,2015-05-28,6,474.0,4,0.0,471.0,537.3333333333334,424.3353919168476,518.9319230509607,489.58652140350705,623.9187560808709,3,2015-05-08
1,2015-05-23,2015-05-29,6,537.0,5,0.0,495.0,523.0,453.55452309466136,525.6227383179364,480.92506896658745,632.4487917113431,3,2015-05-08
1,2015-05-24,2015-05-30,6,580.0,6,0.0,506.0,505.0,525.5866904999922,574.8336665593614,504.9740608027485,682.9556343595913,3,2015-05-08
1,2015-05-26,2015-06-01,6,607.0,1,1.0,539.6666666666666,577.0,553.5309126967239,582.2288171020182,534.8079225134294,608.8034663762721,3,2015-05-08
1,2015-05-27,2015-06-02,6,590.0,2,1.0,479.0,546.0,517.1871107276381,565.3762210328744,526.703470769263,574.9889770028909,3,2015-05-08
1,2015-05-28,2015-06-03,6,616.0,3,1.0,497.0,533.0,527.4293627242612,581.2614372871889,519.9042049445583,605.5705186915958,3,2015-05-08
1,2015-05-30,2015-06-05,6,609.0,5,1.0,537.0,495.0,543.640059217956,552.9755658791186,516.9515054254794,617.5119763286947,3,2015-05-08
1,2015-05-31,2015-06-06,6,460.0,6,0.0,580.0,506.0,538.1899167105328,528.3781134315379,484.0662696923366,608.6294366878498,3,2015-05-08
1,2015-06-02,2015-06-08,6,502.0,1,0.0,607.0,545.6666666666666,492.2203981761542,474.8679036508968,473.3355911757487,555.1382201352732,3,2015-05-08
1,2015-06-03,2015-06-09,6,485.0,2,0.0,590.0,479.0,456.19584159011674,488.8408165915955,473.1964515080536,536.6021353632082,3,2015-05-08
1,2015-06-04,2015-06-10,6,453.0,3,0.0,616.0,497.0,451.9367621947265,497.2133454755823,466.2815010964146,552.7736678181493,3,2015-05-08
1,2015-06-05,2015-06-11,6,442.0,4,0.0,472.5,474.0,444.1135018464897,459.8370434548425,413.4891693157621,578.754907929694,3,2015-05-08
1,2015-06-06,2015-06-12,6,422.0,5,0.0,609.0,537.0,474.3229222425373,480.85147346651564,479.04651826605584,544.9686220091686,3,2015-05-08
1,2015-06-07,2015-06-13,6,502.0,6,0.0,460.0,580.0,545.7364932992342,510.1976691573254,482.0449569074228,551.2346769568957,3,2015-05-08
1,2015-06-09,2015-06-15,6,586.0,1,1.0,502.0,607.0,574.4215725486171,578.5023649512135,532.9778168957362,642.9519443823463,3,2015-05-08
1,2015-06-10,2015-06-16,6,503.0,2,1.0,485.0,590.0,535.1643613076922,550.1258817199406,525.7602782171086,578.7043949864517,3,2015-05-08
1,2015-06-11,2015-06-17,6,476.0,3,1.0,453.0,616.0,529.7687192069014,549.9437981175533,509.67242964728956,582.8828720923927,3,2015-05-08
1,2015-06-12,2015-06-18,6,498.0,4,1.0,442.0,462.3333333333333,515.7164807055716,504.15560552256824,471.68002286117036,567.9046166811594,3,2015-05-08
1,2015-06-13,2015-06-19,6,487.0,5,1.0,422.0,609.0,544.6534816687096,518.8510712934797,490.65927461684623,575.697090440881,3,2015-05-08
20,2015-05-03,2015-05-09,6,534.0,6,0.0,637.0,592.0,516.6888406228388,555.2734919942901,555.0254435755392,656.9997603381322,3,2015-05-08
20,2015-05-05,2015-05-11,6,990.0,1,0.0,1060.0,1076.0,939.749617581705,918.498176357249,903.6394175691539,994.1518843958603,3,2015-05-08
20,2015-05-06,2015-05-12,6,967.0,2,0.0,984.0,772.0,860.1878165215034,878.2807236458373,842.9783312410153,978.1913842773865,3,2015-05-08
20,2015-05-07,2015-05-13,6,974.0,3,0.0,875.0,1000.0,881.7732162025325,916.8147752738797,734.734380222165,967.0585547597454,3,2015-05-08
20,2015-05-09,2015-05-15,6,761.0,5,0.0,825.0,780.0,749.5097882224509,742.3654944077786,677.2280292013884,834.7960713672436,3,2015-05-08
20,2015-05-10,2015-05-16,6,557.0,6,0.0,534.0,637.0,510.5546857677697,533.6338053818141,503.87086056497816,646.2125381325689,3,2015-05-08
20,2015-05-12,2015-05-18,6,1075.0,1,1.0,990.0,1060.0,1032.4780136954269,1066.2553846595308,923.2160631546446,1116.8759854959064,3,2015-05-08
20,2015-05-13,2015-05-19,6,901.0,2,1.0,967.0,984.0,960.9762271770031,980.0142160031567,867.7979616723565,1013.881007653167,3,2015-05-08
20,2015-05-14,2015-05-20,6,752.0,3,1.0,974.0,875.0,953.9338053634294,962.7536514796872,851.4477627339695,973.9109582817249,3,2015-05-08
20,2015-05-15,2015-05-21,6,1033.0,4,1.0,1082.0,1110.0,1060.3470874734546,1059.522648509626,890.2273094999457,1108.7994886060956,3,2015-05-08
20,2015-05-16,2015-05-22,6,898.0,5,1.0,761.0,825.0,853.950016371333,829.1662638255174,752.7197772405044,829.1662638255174,3,2015-05-08
20,2015-05-17,2015-05-23,6,547.0,6,0.0,557.0,534.0,527.6087557901898,574.1577042952116,537.3508998868361,655.0425126015625,3,2015-05-08
20,2015-05-20,2015-05-26,6,1011.0,2,0.0,901.0,967.0,845.8693269665765,850.6656469222601,800.5546792329116,916.4939655676176,3,2015-05-08
20,2015-05-21,2015-05-27,6,906.0,3,0.0,752.0,974.0,837.6653522765407,889.3334441213048,821.2129149350749,938.5228011734832,3,2015-05-08
20,2015-05-22,2015-05-28,6,1048.0,4,0.0,1033.0,1106.6666666666667,948.4206152698604,982.4672625701626,883.8390921880464,1011.7999154584228,3,2015-05-08
20,2015-05-23,2015-05-29,6,791.0,5,0.0,898.0,761.0,744.3491725255376,779.9922508748482,735.7811696687829,865.2410514127328,3,2015-05-08
20,2015-05-24,2015-05-30,6,616.0,6,0.0,547.0,557.0,534.5128770088381,561.0896889707305,503.3893754521128,640.7030299853924,3,2015-05-08
20,2015-05-26,2015-06-01,6,1043.0,1,1.0,1041.6666666666667,1075.0,1028.5824032648886,1040.829340469314,928.3846113987947,1115.217324372491,3,2015-05-08
20,2015-05-27,2015-06-02,6,1015.0,2,1.0,1011.0,901.0,957.2179328834495,975.338717532678,869.6154461274175,1041.019862222664,3,2015-05-08
20,2015-05-28,2015-06-03,6,1093.0,3,1.0,906.0,752.0,984.6148414861939,946.707287688749,662.8259364583547,977.840537279245,3,2015-05-08
20,2015-05-30,2015-06-05,6,830.0,5,1.0,791.0,898.0,852.7973711138985,815.4020467305347,787.6240235097115,899.8725354728705,3,2015-05-08
20,2015-05-31,2015-06-06,6,514.0,6,0.0,616.0,547.0,550.995884715088,549.5526546606759,509.55469271335386,607.9974093844847,3,2015-05-08
20,2015-06-02,2015-06-08,6,930.0,1,0.0,1043.0,1036.0,976.2644031215657,971.8245636160968,874.2264967402593,1002.4131072052293,3,2015-05-08
20,2015-06-03,2015-06-09,6,942.0,2,0.0,1015.0,1011.0,901.6287383890017,891.3551246141495,878.1272541948844,987.969208722605,3,2015-05-08
20,2015-06-04,2015-06-10,6,857.0,3,0.0,1093.0,906.0,888.0220669147873,899.9073634414318,872.004843253476,931.6546208674032,3,2015-05-08
20,2015-06-05,2015-06-11,6,1038.0,4,0.0,1040.5,1048.0,992.1939829386724,973.0521268356712,864.0888797673634,1001.4724990685775,3,2015-05-08
20,2015-06-06,2015-06-12,6,776.0,5,0.0,830.0,791.0,778.2198666729181,790.7938083385887,736.2460026608179,821.4439227589771,3,2015-05-08
20,2015-06-07,2015-06-13,6,590.0,6,0.0,514.0,616.0,535.6716849143877,545.0640129128833,504.2271559478327,610.584308887852,3,2015-05-08
20,2015-06-09,2015-06-15,6,842.0,1,1.0,930.0,1043.0,1040.9172327374672,1060.4117948959897,929.4223942698001,1096.0355662616116,3,2015-05-08
20,2015-06-10,2015-06-16,6,1021.0,2,1.0,942.0,1015.0,963.0324245027539,976.9108636795401,869.5325370454569,1030.270245348071,3,2015-05-08
20,2015-06-11,2015-06-17,6,1010.0,3,1.0,857.0,1093.0,950.5143584404664,945.8238321142662,872.87657875796,983.0125310787431,3,2015-05-08
20,2015-06-12,2015-06-18,6,922.0,4,1.0,1038.0,1039.6666666666667,1056.469498690837,1069.4995370327738,883.8806108872978,1093.2931689697593,3,2015-05-08
20,2015-06-13,2015-06-19,6,894.0,5,1.0,776.0,830.0,846.1172016339525,845.74781415715,789.1300716150498,894.9061448465088,3,2015-05-08
1,2015-05-02,2015-05-09,7,596.0,6,0.0,653.0,537.0,586.0727129643235,566.2774120076496,510.4893192148948,617.4982310752592,3,2015-05-08
1,2015-05-04,2015-05-11,7,453.0,1,0.0,589.0,574.0,532.9773794432547,507.95880121825445,490.88655754590974,621.9241143349723,3,2015-05-08
1,2015-05-05,2015-05-12,7,438.0,2,0.0,514.0,552.0,491.3198403096587,497.89227760691915,440.6857729548031,583.7175459877049,3,2015-05-08
1,2015-05-06,2015-05-13,7,523.0,3,0.0,536.0,579.0,491.2568109152023,504.40333613054474,448.01582910079225,606.5020382220517,3,2015-05-08
1,2015-05-08,2015-05-15,7,523.0,5,0.0,536.0,494.6666666666667,498.14935580582653,492.82877324281054,477.41943270475906,608.5286091484572,3,2015-05-08
1,2015-05-09,2015-05-16,7,505.0,6,0.0,596.0,653.0,570.0563966375169,567.8528539384077,508.52766105495664,651.0735899712079,3,2015-05-08
1,2015-05-11,2015-05-18,7,577.0,1,1.0,453.0,589.0,589.5450752119366,548.2427353921373,512.4221097381337,606.6832418773248,3,2015-05-08
1,2015-05-12,2015-05-19,7,546.0,2,1.0,438.0,514.0,546.0896406847874,531.444377653436,501.2958777570219,585.1813610630803,3,2015-05-08
1,2015-05-13,2015-05-20,7,533.0,3,1.0,523.0,536.0,540.2307277158905,519.942999786173,496.8286958052906,603.7632559477455,3,2015-05-08
1,2015-05-14,2015-05-21,7,471.0,4,1.0,522.3333333333334,491.0,527.7692959538114,539.6541474412146,491.3287804055235,624.2850187649342,3,2015-05-08
1,2015-05-15,2015-05-22,7,495.0,5,1.0,523.0,536.0,558.1702203663373,548.3728225918555,513.0118506902471,613.1652096335959,3,2015-05-08
1,2015-05-16,2015-05-23,7,506.0,6,0.0,505.0,596.0,547.1951305855374,556.5531167033014,491.989388949207,617.2279772589322,3,2015-05-08
1,2015-05-19,2015-05-26,7,479.0,2,0.0,546.0,438.0,447.70529738556115,530.8525341866889,476.2123018845127,603.2213962599553,3,2015-05-08
1,2015-05-20,2015-05-27,7,497.0,3,0.0,533.0,523.0,441.56119554912925,543.7036686225587,491.2867073490388,619.8797006986024,3,2015-05-08
1,2015-05-21,2015-05-28,7,474.0,4,0.0,471.0,537.3333333333334,427.84155688724286,526.6971028895933,474.61951413651605,643.1801120320889,3,2015-05-08
1,2015-05-22,2015-05-29,7,537.0,5,0.0,495.0,523.0,455.5988719298611,533.6206509368377,481.4190254699188,617.3683658530197,3,2015-05-08
1,2015-05-23,2015-05-30,7,580.0,6,0.0,506.0,505.0,525.5866904999922,591.9004692241289,499.71632534129395,698.5633896984142,3,2015-05-08
1,2015-05-25,2015-06-01,7,607.0,1,1.0,539.6666666666666,577.0,551.1739968942285,574.3809653868784,529.8416329690007,606.8481781579754,3,2015-05-08
1,2015-05-26,2015-06-02,7,590.0,2,1.0,479.0,546.0,514.6114663244692,576.8120890170501,517.0924643640049,576.8120890170501,3,2015-05-08
1,2015-05-27,2015-06-03,7,616.0,3,1.0,497.0,533.0,525.2711969375889,586.316501462097,512.5925239222422,599.4373541077766,3,2015-05-08
1,2015-05-29,2015-06-05,7,609.0,5,1.0,537.0,495.0,541.8088939820708,557.3827475247853,512.7356463902553,603.9368411172808,3,2015-05-08
1,2015-05-30,2015-06-06,7,460.0,6,0.0,580.0,506.0,538.1899167105328,526.4297399264273,488.6916161056909,601.2222183059479,3,2015-05-08
1,2015-06-01,2015-06-08,7,502.0,1,0.0,607.0,545.6666666666666,489.4466602835705,462.81172666523565,462.81172666523565,533.7127401997634,3,2015-05-08
1,2015-06-02,2015-06-09,7,485.0,2,0.0,590.0,479.0,453.74360063103245,483.5646984470988,453.6595440011807,524.8105622143701,3,2015-05-08
1,2015-06-03,2015-06-10,7,453.0,3,0.0,616.0,497.0,451.9367621947265,470.5415233865916,454.62596631593806,526.7553010457494,3,2015-05-08
1,2015-06-04,2015-06-11,7,442.0,4,0.0,472.5,474.0,441.2514940502275,470.03059030608085,409.72409386145443,567.9701198211018,3,2015-05-08
1,2015-06-05,2015-06-12,7,422.0,5,0.0,609.0,537.0,477.20790722971185,477.6111786762152,461.68179402820044,556.1683672927345,3,2015-05-08
1,2015-06-06,2015-06-13,7,502.0,6,0.0,460.0,580.0,545.7364932992342,501.063352308801,468.730343904913,547.0420553581415,3,2015-05-08
1,2015-06-08,2015-06-15,7,586.0,1,1.0,502.0,607.0,572.6141200662353,575.0756863102434,528.0281166631117,653.6199153949883,3,2015-05-08
1,2015-06-09,2015-06-16,7,503.0,2,1.0,485.0,590.0,535.0235373672035,551.4098771550625,521.1977869383027,584.1550579509354,3,2015-05-08
1,2015-06-10,2015-06-17,7,476.0,3,1.0,453.0,616.0,529.7095071425911,545.815184315539,508.41399653734805,575.6436141650491,3,2015-05-08
1,2015-06-11,2015-06-18,7,498.0,4,1.0,442.0,462.3333333333333,518.0647594675352,495.78948639154646,476.8531082380641,581.5072550209093,3,2015-05-08
1,2015-06-12,2015-06-19,7,487.0,5,1.0,422.0,609.0,547.4736337403397,512.2656544865582,473.05258821423735,562.3730751532723,3,2015-05-08
20,2015-05-02,2015-05-09,7,534.0,6,0.0,637.0,592.0,516.6888406228388,573.413737731993,559.5297306431812,661.0547484447301,3,2015-05-08
20,2015-05-04,2015-05-11,7,990.0,1,0.0,1060.0,1076.0,939.1549442552118,944.0950572475947,895.4687506998881,991.1155713401141,3,2015-05-08
20,2015-05-05,2015-05-12,7,967.0,2,0.0,984.0,772.0,862.9825222399453,888.2667577038271,825.9438457972998,983.2717744168,3,2015-05-08
20,2015-05-06,2015-05-13,7,974.0,3,0.0,875.0,1000.0,881.2227611063211,907.4336589225604,738.1115266102429,976.6324717346847,3,2015-05-08
20,2015-05-08,2015-05-15,7,761.0,5,0.0,825.0,780.0,748.7129989411314,740.752584475967,652.1608654153843,885.1805642191687,3,2015-05-08
20,2015-05-09,2015-05-16,7,557.0,6,0.0,534.0,637.0,510.5546857677697,541.0141664103187,498.3166236186772,658.5401920415634,3,2015-05-08
20,2015-05-11,2015-05-18,7,1075.0,1,1.0,990.0,1060.0,1028.2603163064966,1060.1193407059684,928.7758653081287,1112.0226344272025,3,2015-05-08
20,2015-05-12,2015-05-19,7,901.0,2,1.0,967.0,984.0,957.9387328332989,981.080204817003,896.6135006626927,1000.6575703810005,3,2015-05-08
20,2015-05-13,2015-05-20,7,752.0,3,1.0,974.0,875.0,953.9338053634294,973.4972147263893,875.7869137751549,1018.6517156093881,3,2015-05-08
20,2015-05-14,2015-05-21,7,1033.0,4,1.0,1082.0,1110.0,1060.509909863014,1055.4597529674847,892.0175836158753,1108.258908097262,3,2015-05-08
20,2015-05-15,2015-05-22,7,898.0,5,1.0,761.0,825.0,852.4424461501566,819.9079793708963,743.6974847777485,819.9079793708963,3,2015-05-08
20,2015-05-16,2015-05-23,7,547.0,6,0.0,557.0,534.0,527.6087557901898,572.1756933468428,534.2979545072532,672.2920125530278,3,2015-05-08
20,2015-05-19,2015-05-26,7,1011.0,2,0.0,901.0,967.0,852.4130931112461,872.6001229661088,825.2401188641483,927.0027504981416,3,2015-05-08
20,2015-05-20,2015-05-27,7,906.0,3,0.0,752.0,974.0,838.0412374836006,893.4485982938329,823.0945016207395,922.4771786804976,3,2015-05-08
20,2015-05-21,2015-05-28,7,1048.0,4,0.0,1033.0,1106.6666666666667,946.9009828206994,994.6742485404529,864.6392973203199,1023.5622688620108,3,2015-05-08
20,2015-05-22,2015-05-29,7,791.0,5,0.0,898.0,761.0,741.7347356868064,790.7466652085906,734.0488603523862,879.9283258652206,3,2015-05-08
20,2015-05-23,2015-05-30,7,616.0,6,0.0,547.0,557.0,534.5128770088381,552.6433790206654,495.66121082640944,660.475933170183,3,2015-05-08
20,2015-05-25,2015-06-01,7,1043.0,1,1.0,1041.6666666666667,1075.0,1022.541614496498,1057.145958282039,878.5660061173044,1099.8909077065002,3,2015-05-08
20,2015-05-26,2015-06-02,7,1015.0,2,1.0,1011.0,901.0,954.7211133641088,958.382505243831,897.4934650043372,1061.9711042663612,3,2015-05-08
20,2015-05-27,2015-06-03,7,1093.0,3,1.0,906.0,752.0,981.900473907955,940.7565383430556,685.258465670101,968.9894735872045,3,2015-05-08
20,2015-05-29,2015-06-05,7,830.0,5,1.0,791.0,898.0,850.3466084509979,819.4732477582163,773.2767821346108,866.0583985897848,3,2015-05-08
20,2015-05-30,2015-06-06,7,514.0,6,0.0,616.0,547.0,550.995884715088,549.9027813112975,514.3714178578621,604.048781737935,3,2015-05-08
20,2015-06-01,2015-06-08,7,930.0,1,0.0,1043.0,1036.0,974.2376730406169,1000.4805504715414,866.1923102536327,1002.0727629940911,3,2015-05-08
20,2015-06-02,2015-06-09,7,942.0,2,0.0,1015.0,1011.0,899.5915371555199,905.3579183751417,869.6475697285433,974.7496296162177,3,2015-05-08
20,2015-06-03,2015-06-10,7,857.0,3,0.0,1093.0,906.0,888.0220669147873,905.3870836465337,857.8556050956729,958.0793934532982,3,2015-05-08
20,2015-06-04,2015-06-11,7,1038.0,4,0.0,1040.5,1048.0,992.6054961650764,1003.4529659068672,880.253850108222,1003.4529659068672,3,2015-05-08
20,2015-06-05,2015-06-12,7,776.0,5,0.0,830.0,791.0,779.607586777521,817.6592102043373,710.3628767072599,854.8487456507254,3,2015-05-08
20,2015-06-06,2015-06-13,7,590.0,6,0.0,514.0,616.0,535.6716849143877,552.7895571093941,493.8829813801212,625.0548985400817,3,2015-05-08
20,2015-06-08,2015-06-15,7,842.0,1,1.0,930.0,1043.0,1039.5003780490754,1049.7409449562683,902.7037861012512,1090.6414839987765,3,2015-05-08
20,2015-06-09,2015-06-16,7,1021.0,2,1.0,942.0,1015.0,964.4634552850507,968.2982464771278,891.3519599060393,1034.3025628283044,3,2015-05-08
20,2015-06-10,2015-06-17,7,1010.0,3,1.0,857.0,1093.0,948.6289153068815,958.0553395683892,881.3469449514582,958.0553395683892,3,2015-05-08
20,2015-06-11,2015-06-18,7,922.0,4,1.0,1038.0,1039.6666666666667,1056.4397751782847,1074.5048400508306,875.0292008127815,1112.4387471765947,3,2015-05-08
20,2015-06-12,2015-06-19,7,894.0,5,1.0,776.0,830.0,844.3319199007043,840.6798215752497,803.9395853775528,916.1294537134721,3,2015-05-08
1,2015-06-19,2015-06-20,1,494.0,6,0.0,502.0,460.0,530.0405381065717,504.2053236546432,469.4620320839606,550.1266282343951,4,2015-06-19
1,2015-06-21,2015-06-22,1,489.0,1,0.0,586.0,502.0,475.3918533129983,509.2696643965291,475.23114825718795,611.362896153768,4,2015-06-19
1,2015-06-22,2015-06-23,1,447.0,2,0.0,503.0,485.0,435.50765631487894,464.9148562572724,452.30632153600226,498.7259385827364,4,2015-06-19
1,2015-06-23,2015-06-24,1,414.0,3,0.0,476.0,453.0,430.08900633808116,455.67858946742604,432.39771689136404,496.3632910237507,4,2015-06-19
1,2015-06-24,2015-06-25,1,433.0,4,0.0,498.0,442.0,417.49129806169543,460.06674721256394,426.73122850559645,497.9303767018004,4,2015-06-19
1,2015-06-25,2015-06-26,1,420.0,5,0.0,487.0,422.0,449.46388786811013,480.9876001688172,441.5280184310295,512.4416668692684,4,2015-06-19
1,2015-06-26,2015-06-27,1,463.0,6,0.0,494.0,502.0,518.4121011517086,499.94456783934123,448.88427150593844,546.7956045065434,4,2015-06-19
1,2015-06-28,2015-06-29,1,541.0,1,1.0,489.0,586.0,542.0419180797591,566.9743546536262,537.7536247499577,600.5930561235642,4,2015-06-19
1,2015-06-29,2015-06-30,1,568.0,2,1.0,447.0,503.0,501.9594620545243,544.6525581994599,507.5607757144157,567.4772779302866,4,2015-06-19
1,2015-06-30,2015-07-01,1,562.0,3,1.0,414.0,476.0,499.33686264134894,577.035732681865,523.4853606574235,577.035732681865,4,2015-06-19
1,2015-07-01,2015-07-02,1,573.0,4,1.0,433.0,498.0,491.7087303177189,537.0768089136964,492.01385883623686,576.6391527584557,4,2015-06-19
1,2015-07-02,2015-07-03,1,538.0,5,1.0,420.0,487.0,527.4482958744222,572.8065166581755,514.6079196609064,591.2951399382841,4,2015-06-19
1,2015-07-03,2015-07-04,1,560.0,6,0.0,463.0,494.0,520.7418430213146,503.29131417615764,458.02962974919967,549.9166044611109,4,2015-06-19
1,2015-07-05,2015-07-06,1,540.0,1,0.0,541.0,489.0,472.6297600988983,499.4960749069588,480.4671320775976,554.4710704705814,4,2015-06-19
1,2015-07-06,2015-07-07,1,485.0,2,0.0,568.0,447.0,437.86043209876607,499.4893457202186,463.6222906638139,519.290593081939,4,2015-06-19
1,2015-07-07,2015-07-08,1,485.0,3,0.0,562.0,414.0,435.62998920758804,477.5892246226704,458.54290646790133,501.16244237757667,4,2015-06-19
1,2015-07-08,2015-07-09,1,480.0,4,0.0,573.0,433.0,428.40753437075733,484.98723630363855,458.10648722702575,499.23458126884265,4,2015-06-19
1,2015-07-09,2015-07-10,1,449.0,5,0.0,538.0,420.0,463.5434204154084,476.27314547602634,444.08337859564165,513.0428622475551,4,2015-06-19
1,2015-07-10,2015-07-11,1,441.0,6,0.0,560.0,463.0,535.3223717342232,495.294766568744,455.31199937681663,534.345319416254,4,2015-06-19
1,2015-07-12,2015-07-13,1,553.0,1,1.0,540.0,541.0,561.7106995626517,572.3241332179351,529.8075965815633,600.3348598422385,4,2015-06-19
1,2015-07-13,2015-07-14,1,544.0,2,1.0,485.0,568.0,522.7080022512607,528.375572745137,517.9538577859921,545.1692665215377,4,2015-06-19
1,2015-07-14,2015-07-15,1,550.0,3,1.0,485.0,562.0,519.2995229218957,526.6947464173347,496.15881472447,536.6131766715348,4,2015-06-19
1,2015-07-15,2015-07-16,1,517.0,4,1.0,480.0,573.0,511.18557628331746,524.4320780554851,518.8823235448432,548.7342069888274,4,2015-06-19
1,2015-07-16,2015-07-17,1,519.0,5,1.0,449.0,538.0,542.9430902803798,521.1645378232133,487.3714664175996,533.4878525026515,4,2015-06-19
1,2015-07-17,2015-07-18,1,512.0,6,0.0,441.0,560.0,534.6088175287605,490.5568129998609,473.12420937261635,538.2319887414008,4,2015-06-19
1,2015-07-19,2015-07-20,1,526.0,1,0.0,553.0,540.0,485.2317084268615,493.6541615128355,493.6541615128355,544.7138176530318,4,2015-06-19
1,2015-07-20,2015-07-21,1,469.0,2,0.0,544.0,485.0,448.4136503472968,489.1821639217126,464.7067139308073,502.7240722401306,4,2015-06-19
1,2015-07-21,2015-07-22,1,463.0,3,0.0,550.0,485.0,444.4765356967807,476.76230302907703,455.99061563321135,498.217810145184,4,2015-06-19
1,2015-07-22,2015-07-23,1,503.0,4,0.0,517.0,480.0,434.74587683195483,474.9341911234223,444.98910247484247,493.95533340314705,4,2015-06-19
1,2015-07-23,2015-07-24,1,459.0,5,0.0,519.0,449.0,467.89213797122056,485.00273051979894,454.86011945668344,522.2306611978363,4,2015-06-19
1,2015-07-24,2015-07-25,1,500.0,6,0.0,512.0,441.0,537.637776961304,494.7884725615576,458.18915579601395,559.7570389592269,4,2015-06-19
1,2015-07-26,2015-07-27,1,612.0,1,1.0,526.0,553.0,560.9781705030706,572.7963894398355,540.1949849237301,602.8667747163631,4,2015-06-19
1,2015-07-27,2015-07-28,1,560.0,2,1.0,469.0,544.0,523.0298284307678,606.0900598395081,552.7374120411347,613.7132953650676,4,2015-06-19
1,2015-07-28,2015-07-29,1,523.0,3,1.0,463.0,550.0,518.168849824961,564.0612001982107,523.6299770875446,585.336914339166,4,2015-06-19
1,2015-07-29,2015-07-30,1,546.0,4,1.0,503.0,517.0,507.4645010055437,537.4032538410571,490.3154072803625,557.6239981541331,4,2015-06-19
1,2015-07-30,2015-07-31,1,555.0,5,1.0,459.0,519.0,538.0868801703062,561.0970574405034,516.7527646463632,581.328665425869,4,2015-06-19
20,2015-06-19,2015-06-20,1,476.0,6,0.0,590.0,514.0,514.1649318318881,565.0835092783399,523.8512864097329,642.4156325749925,4,2015-06-19
20,2015-06-21,2015-06-22,1,922.0,1,0.0,842.0,930.0,934.3649712498233,905.0985609589718,834.3708481257029,965.5877594804459,4,2015-06-19
20,2015-06-22,2015-06-23,1,918.0,2,0.0,1021.0,942.0,862.5133025522474,922.897277663584,858.0837674896791,960.8405249415371,4,2015-06-19
20,2015-06-23,2015-06-24,1,886.0,3,0.0,1010.0,857.0,853.52471197462,903.2104623863163,830.9850843544884,960.2677936246182,4,2015-06-19
20,2015-06-24,2015-06-25,1,1000.0,4,0.0,922.0,1038.0,962.2163072212236,997.135808682589,918.6361505727715,997.135808682589,4,2015-06-19
20,2015-06-25,2015-06-26,1,796.0,5,0.0,894.0,776.0,756.9472955230423,785.5003455447061,752.917416474427,826.8148780340673,4,2015-06-19
20,2015-06-26,2015-06-27,1,544.0,6,0.0,476.0,590.0,520.6712723546145,555.4088798442663,504.4168333915086,604.6872277747872,4,2015-06-19
20,2015-06-28,2015-06-29,1,1136.0,1,1.0,922.0,842.0,1035.5535571873004,996.3885740367164,888.6391277503675,1047.018679694476,4,2015-06-19
20,2015-06-29,2015-06-30,1,1053.0,2,1.0,918.0,1021.0,972.870839365297,994.2398588027422,868.950790985909,1055.346789676097,4,2015-06-19
20,2015-06-30,2015-07-01,1,933.0,3,1.0,886.0,1010.0,968.2693606341575,1024.4478016500152,898.41179115716,1081.4469156875996,4,2015-06-19
20,2015-07-01,2015-07-02,1,1036.0,4,1.0,1000.0,922.0,1076.0514155437445,1042.9063449524758,908.6110245004097,1110.3060728222122,4,2015-06-19
20,2015-07-02,2015-07-03,1,817.0,5,1.0,796.0,894.0,869.8074952451615,862.288590257428,814.0692432096688,893.6105530443107,4,2015-06-19
20,2015-07-03,2015-07-04,1,502.0,6,0.0,544.0,476.0,544.9209865016483,533.8881184667224,516.7093541979411,613.184515875551,4,2015-06-19
20,2015-07-05,2015-07-06,1,972.0,1,0.0,1136.0,922.0,973.635264347399,953.1486550450937,865.9730001867514,992.8982614675216,4,2015-06-19
20,2015-07-06,2015-07-07,1,897.0,2,0.0,1053.0,918.0,905.6015191085796,918.8440545097416,852.3219767915446,981.0011217413823,4,2015-06-19
20,2015-07-07,2015-07-08,1,843.0,3,0.0,933.0,886.0,894.0180323402767,897.0885098233903,821.4380894588365,937.7153771170953,4,2015-06-19
20,2015-07-08,2015-07-09,1,1046.0,4,0.0,1036.0,1000.0,999.0019297876723,1010.2068578552952,918.6589683702977,1014.1564904491892,4,2015-06-19
20,2015-07-09,2015-07-10,1,793.0,5,0.0,817.0,796.0,794.4309475265518,804.9745761092796,738.9955594914941,846.5355420507818,4,2015-06-19
20,2015-07-10,2015-07-11,1,497.0,6,0.0,502.0,544.0,555.0266052127384,550.5641821791125,504.79939317786125,595.0835399970007,4,2015-06-19
20,2015-07-12,2015-07-13,1,1048.0,1,1.0,972.0,1136.0,1062.5657457295056,1029.7800039033984,896.2290103037911,1088.9227521537296,4,2015-06-19
20,2015-07-13,2015-07-14,1,961.0,2,1.0,897.0,1053.0,990.7208203111294,972.8232174391819,891.0126871011306,1077.5535489026302,4,2015-06-19
20,2015-07-14,2015-07-15,1,944.0,3,1.0,843.0,933.0,974.6910869136555,971.1598592273306,914.4000847696062,1037.1946256648798,4,2015-06-19
20,2015-07-15,2015-07-16,1,1033.0,4,1.0,1046.0,1036.0,1078.7263853775066,1062.362242766219,957.1914937922742,1100.774648072897,4,2015-06-19
20,2015-07-16,2015-07-17,1,843.0,5,1.0,793.0,817.0,865.7325072218356,860.4342314519749,819.7154933981108,900.9122535933798,4,2015-06-19
20,2015-07-17,2015-07-18,1,535.0,6,0.0,497.0,502.0,537.2727940651147,503.6522974146794,486.4579099556166,559.0710428002025,4,2015-06-19
20,2015-07-19,2015-07-20,1,1001.0,1,0.0,1048.0,972.0,958.6908758138836,964.5291515847806,895.5315415346555,1004.5679575850128,4,2015-06-19
20,2015-07-20,2015-07-21,1,899.0,2,0.0,961.0,897.0,888.0084836371279,896.0070376231569,838.4019809193326,966.4742495096735,4,2015-06-19
20,2015-07-21,2015-07-22,1,823.0,3,0.0,944.0,843.0,873.142212480276,912.0010967854249,841.7135882825994,925.5053010441367,4,2015-06-19
20,2015-07-22,2015-07-23,1,1076.0,4,0.0,1033.0,1046.0,975.0822863359149,1005.6142682438624,927.8288807469271,1019.3166848278895,4,2015-06-19
20,2015-07-23,2015-07-24,1,885.0,5,0.0,843.0,793.0,770.2656256896336,779.4148000866065,732.9903821587146,853.7349310253784,4,2015-06-19
20,2015-07-24,2015-07-25,1,643.0,6,0.0,535.0,497.0,533.7633646241816,525.7635200413654,512.7098546104087,584.1549816365782,4,2015-06-19
20,2015-07-26,2015-07-27,1,1183.0,1,1.0,1001.0,1048.0,1048.5027118889066,1116.9012467244092,923.1111258292353,1159.3554239396801,4,2015-06-19
20,2015-07-27,2015-07-28,1,1048.0,2,1.0,899.0,961.0,984.8046373639684,989.0339079245787,850.7647214027267,1073.348071981102,4,2015-06-19
20,2015-07-28,2015-07-29,1,1040.0,3,1.0,823.0,944.0,974.686165787715,973.8903690731793,835.0165374080062,1073.1938863382024,4,2015-06-19
20,2015-07-29,2015-07-30,1,1185.0,4,1.0,1076.0,1033.0,1087.6915983881474,1104.6359088077247,990.7823639957455,1143.099305521034,4,2015-06-19
20,2015-07-30,2015-07-31,1,974.0,5,1.0,885.0,843.0,886.999923480846,878.2217494113163,832.360781128507,940.4341017039745,4,2015-06-19
1,2015-06-18,2015-06-20,2,494.0,6,0.0,502.0,460.0,532.4966600474448,503.1154579571217,474.7938730398091,563.6896132549812,4,2015-06-19
1,2015-06-20,2015-06-22,2,489.0,1,0.0,586.0,502.0,475.3918533129983,499.4185633129142,471.31349727913766,589.0860354173091,4,2015-06-19
1,2015-06-21,2015-06-23,2,447.0,2,0.0,503.0,485.0,434.90194646060934,454.72840521287645,433.4591735998209,523.5214488323772,4,2015-06-19
1,2015-06-22,2015-06-24,2,414.0,3,0.0,476.0,453.0,429.25969021857566,463.1634155709797,436.4457140206931,525.9255402479121,4,2015-06-19
1,2015-06-23,2015-06-25,2,433.0,4,0.0,498.0,442.0,418.2876524318929,462.0114827727728,409.27611999038317,514.4885077972084,4,2015-06-19
1,2015-06-24,2015-06-26,2,420.0,5,0.0,487.0,422.0,448.75380569211086,474.95734939687185,439.2288508707671,529.2687576435853,4,2015-06-19
1,2015-06-25,2015-06-27,2,463.0,6,0.0,494.0,502.0,519.8224556837791,498.64682510780756,466.40644580737484,561.8768963497287,4,2015-06-19
1,2015-06-27,2015-06-29,2,541.0,1,1.0,489.0,586.0,542.0419180797591,565.0598937968674,534.6029169605861,589.6749353290178,4,2015-06-19
1,2015-06-28,2015-06-30,2,568.0,2,1.0,447.0,503.0,502.10910193268774,550.3215357761543,531.7571209082313,586.8525086761031,4,2015-06-19
1,2015-06-29,2015-07-01,2,562.0,3,1.0,414.0,476.0,496.3586352097391,557.1839113632931,517.4477431971791,600.4510262069515,4,2015-06-19
1,2015-06-30,2015-07-02,2,573.0,4,1.0,433.0,498.0,488.7559670139128,529.3750293346083,496.4072605305934,579.0278701668902,4,2015-06-19
1,2015-07-01,2015-07-03,2,538.0,5,1.0,420.0,487.0,523.7424716474796,563.3185449787148,510.0954967459277,602.3156385922459,4,2015-06-19
1,2015-07-02,2015-07-04,2,560.0,6,0.0,463.0,494.0,519.9611040562903,498.2629399214905,459.99331005785075,547.5566710990267,4,2015-06-19
1,2015-07-04,2015-07-06,2,540.0,1,0.0,541.0,489.0,472.6297600988983,506.5618782756582,477.85363823554286,542.273713577754,4,2015-06-19
1,2015-07-05,2015-07-07,2,485.0,2,0.0,568.0,447.0,434.51914880441785,496.35355301584184,469.6482476601785,524.0110127183176,4,2015-06-19
1,2015-07-06,2015-07-08,2,485.0,3,0.0,562.0,414.0,433.42815301160545,463.2968497878585,463.2968497878585,512.5571561745049,4,2015-06-19
1,2015-07-07,2015-07-09,2,480.0,4,0.0,573.0,433.0,426.3113632639361,481.9824921050727,451.7503992553411,514.3108334733172,4,2015-06-19
1,2015-07-08,2015-07-10,2,449.0,5,0.0,538.0,420.0,460.7875072812353,474.87554876584045,445.3398489104161,509.6507744426369,4,2015-06-19
1,2015-07-09,2015-07-11,2,441.0,6,0.0,560.0,463.0,535.7598288944525,498.40587320427943,461.40753058516316,529.388855062843,4,2015-06-19
1,2015-07-11,2015-07-13,2,553.0,1,1.0,540.0,541.0,561.7106995626517,553.2369946936786,498.6484976327324,594.3501460611899,4,2015-06-19
1,2015-07-12,2015-07-14,2,544.0,2,1.0,485.0,568.0,523.6792174209698,540.246430425408,507.75553039660207,572.8928436070407,4,2015-06-19
1,2015-07-13,2015-07-15,2,550.0,3,1.0,485.0,562.0,518.2351213824197,525.691809936321,492.02927998794934,552.6228944346884,4,2015-06-19
1,2015-07-14,2015-07-16,2,517.0,4,1.0,480.0,573.0,509.8050355915657,521.3402938341891,500.9402498505872,566.4860857906201,4,2015-06-19
1,2015-07-15,2015-07-17,2,519.0,5,1.0,449.0,538.0,542.6697232801754,538.5578459111152,495.7387024935262,558.9022879570116,4,2015-06-19
1,2015-07-16,2015-07-18,2,512.0,6,0.0,441.0,560.0,535.5041032729044,499.47907341492845,480.8790550634451,556.1185239721556,4,2015-06-19
1,2015-07-18,2015-07-20,2,526.0,1,0.0,553.0,540.0,485.2317084268615,497.97272890192943,478.6298328776641,543.6242049626676,4,2015-06-19
1,2015-07-19,2015-07-21,2,469.0,2,0.0,544.0,485.0,446.6414860327383,474.9084345305586,461.0345850850877,523.2151928744653,4,2015-06-19
1,2015-07-20,2015-07-22,2,463.0,3,0.0,550.0,485.0,443.2502303995345,473.4015427390795,467.3048659015074,515.1701778320671,4,2015-06-19
1,2015-07-21,2015-07-23,2,503.0,4,0.0,517.0,480.0,433.8358530473447,469.45872971492264,445.69039522663985,515.1977649523011,4,2015-06-19
1,2015-07-22,2015-07-24,2,459.0,5,0.0,519.0,449.0,465.08247044933506,482.3270052264952,462.945476788953,511.1064801869723,4,2015-06-19
1,2015-07-23,2015-07-25,2,500.0,6,0.0,512.0,441.0,537.6719497848864,503.66031200207135,470.7768143105053,556.8295207814365,4,2015-06-19
1,2015-07-25,2015-07-27,2,612.0,1,1.0,526.0,553.0,560.9781705030706,577.6162369278244,513.4178979700786,596.1915010459347,4,2015-06-19
1,2015-07-26,2015-07-28,2,560.0,2,1.0,469.0,544.0,521.2240962603084,571.9183174240309,527.3609264257109,609.8617442299302,4,2015-06-19
1,2015-07-27,2015-07-29,2,523.0,3,1.0,463.0,550.0,516.8100051107765,605.6743174117812,507.5391448767425,605.6743174117812,4,2015-06-19
1,2015-07-28,2015-07-30,2,546.0,4,1.0,503.0,517.0,507.01659541322533,571.8575841457994,522.1043100622168,598.1215515559848,4,2015-06-19
1,2015-07-29,2015-07-31,2,555.0,5,1.0,459.0,519.0,536.291427134946,570.0031764368847,509.20729720717105,592.497240014604,4,2015-06-19
20,2015-06-18,2015-06-20,2,476.0,6,0.0,590.0,514.0,512.1627874831581,557.0363941932927,532.5761515379527,606.2683596899013,4,2015-06-19
20,2015-06-20,2015-06-22,2,922.0,1,0.0,842.0,930.0,934.3649712498233,920.4436941707934,841.7410176668708,969.1863295872913,4,2015-06-19
20,2015-06-21,2015-06-23,2,918.0,2,0.0,1021.0,942.0,863.3302129158616,914.3746819283991,846.2530779644616,959.6629590187262,4,2015-06-19
20,2015-06-22,2015-06-24,2,886.0,3,0.0,1010.0,857.0,851.3580633809668,912.9269623534467,851.5437268961447,959.3746415800387,4,2015-06-19
20,2015-06-23,2015-06-25,2,1000.0,4,0.0,922.0,1038.0,960.4439257443244,978.540798444024,917.9978932850989,978.540798444024,4,2015-06-19
20,2015-06-24,2015-06-26,2,796.0,5,0.0,894.0,776.0,755.6814523622427,788.2104219516834,729.4431576294902,823.415162500464,4,2015-06-19
20,2015-06-25,2015-06-27,2,544.0,6,0.0,476.0,590.0,518.7004644896106,556.6738149440181,483.8967157609544,588.5461355412903,4,2015-06-19
20,2015-06-27,2015-06-29,2,1136.0,1,1.0,922.0,842.0,1035.5535571873004,995.957287710119,873.3783175348985,1041.8419743962424,4,2015-06-19
20,2015-06-28,2015-06-30,2,1053.0,2,1.0,918.0,1021.0,968.460741521461,995.5508478180993,870.451046717239,1047.0897372379306,4,2015-06-19
20,2015-06-29,2015-07-01,2,933.0,3,1.0,886.0,1010.0,964.3619641255216,1019.6025914261711,902.9077185921755,1077.369450057986,4,2015-06-19
20,2015-06-30,2015-07-02,2,1036.0,4,1.0,1000.0,922.0,1077.9023299149392,1061.1371091104425,875.1026169775565,1100.5475335748097,4,2015-06-19
20,2015-07-01,2015-07-03,2,817.0,5,1.0,796.0,894.0,871.3134422902597,876.2970037003055,795.2572855560567,901.0125215247355,4,2015-06-19
20,2015-07-02,2015-07-04,2,502.0,6,0.0,544.0,476.0,547.636111430116,539.3531310404202,508.498193106134,588.2070310639587,4,2015-06-19
20,2015-07-04,2015-07-06,2,972.0,1,0.0,1136.0,922.0,973.635264347399,956.7379119745597,871.8914916882019,987.1198716997017,4,2015-06-19
20,2015-07-05,2015-07-07,2,897.0,2,0.0,1053.0,918.0,905.8537408181749,908.928918909414,827.5242323153715,971.8912653428969,4,2015-06-19
20,2015-07-06,2015-07-08,2,843.0,3,0.0,933.0,886.0,894.6727928983576,910.3367369858441,835.3095194685866,950.4962836851231,4,2015-06-19
20,2015-07-07,2015-07-09,2,1046.0,4,0.0,1036.0,1000.0,1001.826008756535,1003.5019815501877,930.1229447422947,1003.5019815501877,4,2015-06-19
20,2015-07-08,2015-07-10,2,793.0,5,0.0,817.0,796.0,792.0970196334272,795.9178362345335,728.9902532200991,851.1212424960552,4,2015-06-19
20,2015-07-09,2015-07-11,2,497.0,6,0.0,502.0,544.0,554.9584264286672,534.5827351620492,485.0356593275173,582.3856905952588,4,2015-06-19
20,2015-07-11,2015-07-13,2,1048.0,1,1.0,972.0,1136.0,1062.5657457295056,1036.874526072251,903.3750043765568,1100.5522827281911,4,2015-06-19
20,2015-07-12,2015-07-14,2,961.0,2,1.0,897.0,1053.0,991.4543613250332,988.3442451099122,877.7146658969617,1072.6180624328695,4,2015-06-19
20,2015-07-13,2015-07-15,2,944.0,3,1.0,843.0,933.0,975.997342784545,974.6857925573742,899.0414867366412,1040.9707617576773,4,2015-06-19
20,2015-07-14,2015-07-16,2,1033.0,4,1.0,1046.0,1036.0,1080.306048175826,1033.3589352030058,926.3822219221297,1095.65855930876,4,2015-06-19
20,2015-07-15,2015-07-17,2,843.0,5,1.0,793.0,817.0,868.2174262882154,860.204989022588,813.0154869635724,922.7026459831386,4,2015-06-19
20,2015-07-16,2015-07-18,2,535.0,6,0.0,497.0,502.0,538.0946587568022,493.61933998608845,469.7157263945942,549.0667076757996,4,2015-06-19
20,2015-07-18,2015-07-20,2,1001.0,1,0.0,1048.0,972.0,958.6908758138836,990.1737969481892,913.6350845480194,1001.2122677612447,4,2015-06-19
20,2015-07-19,2015-07-21,2,899.0,2,0.0,961.0,897.0,885.6811952179986,906.3737626891397,840.0783387221102,956.9041357548875,4,2015-06-19
20,2015-07-20,2015-07-22,2,823.0,3,0.0,944.0,843.0,872.3340773623386,901.652863712756,849.5791654162821,949.8234031294601,4,2015-06-19
20,2015-07-21,2015-07-23,2,1076.0,4,0.0,1033.0,1046.0,978.1702620208341,1012.1353639576414,935.6961090200093,1041.0698807665708,4,2015-06-19
20,2015-07-22,2015-07-24,2,885.0,5,0.0,843.0,793.0,764.9662585006497,787.1639942791372,743.4196628707983,848.5492609796719,4,2015-06-19
20,2015-07-23,2015-07-25,2,643.0,6,0.0,535.0,497.0,527.5915680819865,515.9318791336426,488.56346576561884,563.6487355957263,4,2015-06-19
20,2015-07-25,2015-07-27,2,1183.0,1,1.0,1001.0,1048.0,1048.5027118889066,1106.1424764015826,940.1208935513921,1163.7727747727367,4,2015-06-19
20,2015-07-26,2015-07-28,2,1048.0,2,1.0,899.0,961.0,977.3184563965783,999.6709434828108,861.1654228401873,1057.3604758260774,4,2015-06-19
20,2015-07-27,2015-07-29,2,1040.0,3,1.0,823.0,944.0,970.7314677918914,965.0233894635511,823.6752694966685,1064.3474281985862,4,2015-06-19
20,2015-07-28,2015-07-30,2,1185.0,4,1.0,1076.0,1033.0,1083.9622228897888,1101.8489830455444,942.073115849996,1138.0754946522036,4,2015-06-19
20,2015-07-29,2015-07-31,2,974.0,5,1.0,885.0,843.0,880.5513494956748,872.9614174179864,808.4268391461496,919.8291782118328,4,2015-06-19
1,2015-06-17,2015-06-20,3,494.0,6,0.0,502.0,460.0,533.1050103678253,500.05133554326807,466.04096658111393,549.5890333015864,4,2015-06-19
1,2015-06-19,2015-06-22,3,489.0,1,0.0,586.0,502.0,476.91507259127604,486.788855732558,468.14335936093903,587.6783084162632,4,2015-06-19
1,2015-06-20,2015-06-23,3,447.0,2,0.0,503.0,485.0,434.90194646060934,465.9961037894078,440.37075221830946,515.1254843907428,4,2015-06-19
1,2015-06-21,2015-06-24,3,414.0,3,0.0,476.0,453.0,428.7131383260606,460.20006966185485,430.68917569111693,515.2306376835787,4,2015-06-19
1,2015-06-22,2015-06-25,3,433.0,4,0.0,498.0,442.0,417.4587593214175,456.83742843644984,421.98454545117926,518.781436863332,4,2015-06-19
1,2015-06-23,2015-06-26,3,420.0,5,0.0,487.0,422.0,449.51293033346974,488.9593057806759,446.8254475148968,546.7912944025896,4,2015-06-19
1,2015-06-24,2015-06-27,3,463.0,6,0.0,494.0,502.0,519.0740579591541,518.8075342670855,462.5312176289471,574.3909393005131,4,2015-06-19
1,2015-06-26,2015-06-29,3,541.0,1,1.0,489.0,586.0,544.6194467450728,597.1335039329654,540.5585042847017,598.259025928064,4,2015-06-19
1,2015-06-27,2015-06-30,3,568.0,2,1.0,447.0,503.0,502.10910193268774,560.4461091402804,514.4720877540166,583.9345967453007,4,2015-06-19
1,2015-06-28,2015-07-01,3,562.0,3,1.0,414.0,476.0,496.44241368665087,571.7365023703373,520.4835087408634,594.1388641699131,4,2015-06-19
1,2015-06-29,2015-07-02,3,573.0,4,1.0,433.0,498.0,485.6637175614925,524.8476810721803,504.85484389310085,578.4910586979469,4,2015-06-19
1,2015-06-30,2015-07-03,3,538.0,5,1.0,420.0,487.0,520.6643704860627,565.9292697291246,509.0598973581553,587.8290443167159,4,2015-06-19
1,2015-07-01,2015-07-04,3,560.0,6,0.0,463.0,494.0,516.4061631232877,505.3019789206762,460.6362341058926,533.6889937420008,4,2015-06-19
1,2015-07-03,2015-07-06,3,540.0,1,0.0,541.0,489.0,471.2218875328306,512.7544813694354,479.83884969106157,534.342127489037,4,2015-06-19
1,2015-07-04,2015-07-07,3,485.0,2,0.0,568.0,447.0,434.51914880441785,489.9999141075161,465.12262452359863,530.1817580115729,4,2015-06-19
1,2015-07-05,2015-07-08,3,485.0,3,0.0,562.0,414.0,430.03271207536363,485.8990872958028,462.737438198905,514.1515828884275,4,2015-06-19
1,2015-07-06,2015-07-09,3,480.0,4,0.0,573.0,433.0,424.0057875852675,476.7841188317601,452.6237454854953,508.8825811882337,4,2015-06-19
1,2015-07-07,2015-07-10,3,449.0,5,0.0,538.0,420.0,458.5917570248661,468.66650217118973,452.5753700275614,511.5777872811253,4,2015-06-19
1,2015-07-08,2015-07-11,3,441.0,6,0.0,560.0,463.0,533.0810431775946,490.0218301807232,458.13322919997864,543.6669049737369,4,2015-06-19
1,2015-07-10,2015-07-13,3,553.0,1,1.0,540.0,541.0,565.8925290398851,586.2146707709209,535.3946040796386,609.4842745659764,4,2015-06-19
1,2015-07-11,2015-07-14,3,544.0,2,1.0,485.0,568.0,523.6792174209698,546.7042227292352,519.678322982298,570.1621102520321,4,2015-06-19
1,2015-07-12,2015-07-15,3,550.0,3,1.0,485.0,562.0,519.2946514301964,541.4906978747091,501.6898069686014,554.5270788649214,4,2015-06-19
1,2015-07-13,2015-07-16,3,517.0,4,1.0,480.0,573.0,508.74691767211704,530.3025147059371,501.195263354551,570.8083733949626,4,2015-06-19
1,2015-07-14,2015-07-17,3,519.0,5,1.0,449.0,538.0,541.3144883958485,540.9693787613223,488.2903629429723,554.915664938743,4,2015-06-19
1,2015-07-15,2015-07-18,3,512.0,6,0.0,441.0,560.0,535.2519220053043,499.03090890171995,474.74388447637165,543.4739029929347,4,2015-06-19
1,2015-07-17,2015-07-20,3,526.0,1,0.0,553.0,540.0,485.95752976488734,496.57854211107724,481.7565132258347,531.5515254399529,4,2015-06-19
1,2015-07-18,2015-07-21,3,469.0,2,0.0,544.0,485.0,446.6414860327383,477.50823690772563,457.41393319166286,516.9152944664238,4,2015-06-19
1,2015-07-19,2015-07-22,3,463.0,3,0.0,550.0,485.0,441.4564575395369,482.17471922801184,471.43287818081467,521.464725958566,4,2015-06-19
1,2015-07-20,2015-07-23,3,503.0,4,0.0,517.0,480.0,432.6691265361832,476.26645194333383,458.85623380690777,524.4154543688708,4,2015-06-19
1,2015-07-21,2015-07-24,3,459.0,5,0.0,519.0,449.0,464.0806894713213,491.335320866404,470.93130460282885,522.9037883433954,4,2015-06-19
1,2015-07-22,2015-07-25,3,500.0,6,0.0,512.0,441.0,534.9878604067943,494.53169238605193,473.4745592400395,545.1590760946989,4,2015-06-19
1,2015-07-24,2015-07-27,3,612.0,1,1.0,526.0,553.0,562.8496416941687,598.0549852209713,529.988586360059,598.0549852209713,4,2015-06-19
1,2015-07-25,2015-07-28,3,560.0,2,1.0,469.0,544.0,521.2240962603084,592.3147577450865,528.6880728352663,603.2743195702121,4,2015-06-19
1,2015-07-26,2015-07-29,3,523.0,3,1.0,463.0,550.0,515.1234376189188,580.0853366991782,519.8035633783978,596.9276332297703,4,2015-06-19
1,2015-07-27,2015-07-30,3,546.0,4,1.0,503.0,517.0,505.7374602097969,572.2026886219747,524.0118302744862,608.2676762832508,4,2015-06-19
1,2015-07-28,2015-07-31,3,555.0,5,1.0,459.0,519.0,535.7570762123713,587.874119199026,518.3550649276282,600.6198113157693,4,2015-06-19
20,2015-06-17,2015-06-20,3,476.0,6,0.0,590.0,514.0,516.8379007122751,555.4016038023041,536.4203263300601,620.819051319768,4,2015-06-19
20,2015-06-19,2015-06-22,3,922.0,1,0.0,842.0,930.0,935.9017496596939,935.4712295435153,856.1302243687668,976.0512745274681,4,2015-06-19
20,2015-06-20,2015-06-23,3,918.0,2,0.0,1021.0,942.0,863.3302129158616,913.775141938713,834.3102125853283,976.4928906583551,4,2015-06-19
20,2015-06-21,2015-06-24,3,886.0,3,0.0,1010.0,857.0,852.1179118042926,896.5733702319087,847.6735009391199,959.2604215472509,4,2015-06-19
20,2015-06-22,2015-06-25,3,1000.0,4,0.0,922.0,1038.0,958.3455575889375,969.3133440783072,901.1985845317065,982.5540886775619,4,2015-06-19
20,2015-06-23,2015-06-26,3,796.0,5,0.0,894.0,776.0,753.8713929030664,799.7972792317855,755.1599859197622,835.6409081534075,4,2015-06-19
20,2015-06-24,2015-06-27,3,544.0,6,0.0,476.0,590.0,517.6484821436254,529.457743771888,486.70010893904134,590.253806365801,4,2015-06-19
20,2015-06-26,2015-06-29,3,1136.0,1,1.0,922.0,842.0,1034.5903077871612,1002.8838849021258,871.8436958108462,1040.7502971276617,4,2015-06-19
20,2015-06-27,2015-06-30,3,1053.0,2,1.0,918.0,1021.0,968.460741521461,991.4198488863998,856.608600369271,1059.2244298559056,4,2015-06-19
20,2015-06-28,2015-07-01,3,933.0,3,1.0,886.0,1010.0,959.7143581593732,1000.4066456559756,882.1768316501516,1064.7844253977223,4,2015-06-19
20,2015-06-29,2015-07-02,3,1036.0,4,1.0,1000.0,922.0,1073.7903796109474,1053.6385165221227,887.8796781512456,1097.4114651616185,4,2015-06-19
20,2015-06-30,2015-07-03,3,817.0,5,1.0,796.0,894.0,873.2903064026925,868.5123440374296,808.7810443011166,888.2898452969441,4,2015-06-19
20,2015-07-01,2015-07-04,3,502.0,6,0.0,544.0,476.0,549.1243814716852,546.5664884862799,503.87480827885327,599.6561541479662,4,2015-06-19
20,2015-07-03,2015-07-06,3,972.0,1,0.0,1136.0,922.0,975.2957251802445,962.7372313572591,871.7169483624621,978.4227978731576,4,2015-06-19
20,2015-07-04,2015-07-07,3,897.0,2,0.0,1053.0,918.0,905.8537408181749,911.566521199497,824.6382374763582,990.3997443951422,4,2015-06-19
20,2015-07-05,2015-07-08,3,843.0,3,0.0,933.0,886.0,894.6315034022026,914.1859050086751,832.6103944670705,925.7407861157774,4,2015-06-19
20,2015-07-06,2015-07-09,3,1046.0,4,0.0,1036.0,1000.0,1002.3479221969528,1005.1268526567043,893.326316414106,1009.1948078910874,4,2015-06-19
20,2015-07-07,2015-07-10,3,793.0,5,0.0,817.0,796.0,794.9394644150008,820.6217071456558,759.1938563150555,837.6242314608006,4,2015-06-19
20,2015-07-08,2015-07-11,3,497.0,6,0.0,502.0,544.0,552.7161628275926,538.5681155048792,483.935995426817,581.2292218523972,4,2015-06-19
20,2015-07-10,2015-07-13,3,1048.0,1,1.0,972.0,1136.0,1065.4796049240854,1045.5117733527609,881.963337931617,1073.0101336067642,4,2015-06-19
20,2015-07-11,2015-07-14,3,961.0,2,1.0,897.0,1053.0,991.4543613250332,984.0646052749179,866.7160468345289,1074.7909514945754,4,2015-06-19
20,2015-07-12,2015-07-15,3,944.0,3,1.0,843.0,933.0,977.0012528303787,975.6998550026135,886.1546534427074,1021.5027676739066,4,2015-06-19
20,2015-07-13,2015-07-16,3,1033.0,4,1.0,1046.0,1036.0,1081.765950642547,1037.279951938699,911.3813487653234,1112.0984785711948,4,2015-06-19
20,2015-07-14,2015-07-17,3,843.0,5,1.0,793.0,817.0,869.939082496288,870.8406825930748,817.3820427968767,915.9874087594851,4,2015-06-19
20,2015-07-15,2015-07-18,3,535.0,6,0.0,497.0,502.0,540.5901167837167,505.8756702178312,460.2062044743858,544.1742432419292,4,2015-06-19
20,2015-07-17,2015-07-20,3,1001.0,1,0.0,1048.0,972.0,958.813563007818,965.2231695431077,890.271507784101,1008.7499983264122,4,2015-06-19
20,2015-07-18,2015-07-21,3,899.0,2,0.0,961.0,897.0,885.6811952179986,888.979365113182,839.2280218195419,968.8330816074438,4,2015-06-19
20,2015-07-19,2015-07-22,3,823.0,3,0.0,944.0,843.0,869.9456638624512,888.2952621651643,835.7476959419218,928.8992846979022,4,2015-06-19
20,2015-07-20,2015-07-23,3,1076.0,4,0.0,1033.0,1046.0,977.2676047509158,995.8718888797242,905.1795729978207,1035.3116200947156,4,2015-06-19
20,2015-07-21,2015-07-24,3,885.0,5,0.0,843.0,793.0,767.9713112531721,793.2552211481926,752.4908389517403,834.0428529982651,4,2015-06-19
20,2015-07-22,2015-07-25,3,643.0,6,0.0,535.0,497.0,522.629259668907,533.3659436834624,476.44846184812667,565.0712211456098,4,2015-06-19
20,2015-07-24,2015-07-27,3,1183.0,1,1.0,1001.0,1048.0,1042.730098052699,1093.9375000970913,911.2571888839435,1130.7564848552656,4,2015-06-19
20,2015-07-25,2015-07-28,3,1048.0,2,1.0,899.0,961.0,977.3184563965783,998.3302509329442,867.54116989554,1061.6258050945523,4,2015-06-19
20,2015-07-26,2015-07-29,3,1040.0,3,1.0,823.0,944.0,963.2381024154334,949.1752636240856,832.4360010033146,1042.0110278774348,4,2015-06-19
20,2015-07-27,2015-07-30,3,1185.0,4,1.0,1076.0,1033.0,1079.839059743281,1097.7202731912494,924.0981068156016,1137.9057983676655,4,2015-06-19
20,2015-07-28,2015-07-31,3,974.0,5,1.0,885.0,843.0,876.8914326993659,863.2345860690278,815.4290397356665,908.7043388652562,4,2015-06-19
1,2015-06-16,2015-06-20,4,494.0,6,0.0,502.0,460.0,535.341639707125,502.10561220916213,480.09419050482614,554.9212348331461,4,2015-06-19
1,2015-06-18,2015-06-22,4,489.0,1,0.0,586.0,502.0,479.293844178565,499.25522309256417,471.6442001301625,573.7348577930167,4,2015-06-19
1,2015-06-19,2015-06-23,4,447.0,2,0.0,503.0,485.0,436.4252870783345,453.38599992344365,442.5748698075859,512.1983735603513,4,2015-06-19
1,2015-06-20,2015-06-24,4,414.0,3,0.0,476.0,453.0,428.7131383260606,449.29440993327785,448.6581245975327,511.0707255243831,4,2015-06-19
1,2015-06-21,2015-06-25,4,433.0,4,0.0,498.0,442.0,416.9222165741518,460.44169386781306,433.7810022633045,506.2416372091244,4,2015-06-19
1,2015-06-22,2015-06-26,4,420.0,5,0.0,487.0,422.0,448.7545775231085,486.9536589992556,451.29111501881147,543.7226987635996,4,2015-06-19
1,2015-06-23,2015-06-27,4,463.0,6,0.0,494.0,502.0,519.7936893695047,517.4564706899753,470.086413020294,575.2770853952431,4,2015-06-19
1,2015-06-25,2015-06-29,4,541.0,1,1.0,489.0,586.0,546.0398150073834,593.4154019411326,536.5016458256149,598.6443001499497,4,2015-06-19
1,2015-06-26,2015-06-30,4,568.0,2,1.0,447.0,503.0,504.71333201882345,560.5928157391616,528.9007528758286,588.7674956280936,4,2015-06-19
1,2015-06-27,2015-07-01,4,562.0,3,1.0,414.0,476.0,496.44241368665087,566.9238832587088,526.9968220961134,594.3437637888654,4,2015-06-19
1,2015-06-28,2015-07-02,4,573.0,4,1.0,433.0,498.0,485.83878603844687,526.7173841757048,510.6005343676067,570.8158678147804,4,2015-06-19
1,2015-06-29,2015-07-03,4,538.0,5,1.0,420.0,487.0,517.608898013554,559.2981371866445,521.8716321089377,588.3386208929494,4,2015-06-19
1,2015-06-30,2015-07-04,4,560.0,6,0.0,463.0,494.0,513.3879863754831,503.7600108453753,455.057661283215,545.819302604553,4,2015-06-19
1,2015-07-02,2015-07-06,4,540.0,1,0.0,541.0,489.0,470.4208254819537,506.77923975027545,484.03523956493547,540.3606049841899,4,2015-06-19
1,2015-07-03,2015-07-07,4,485.0,2,0.0,568.0,447.0,433.0985745905711,489.51896717577955,460.1905834042688,525.6597421211756,4,2015-06-19
1,2015-07-04,2015-07-08,4,485.0,3,0.0,562.0,414.0,430.03271207536363,473.65202460968544,454.7793182512037,520.0122011493072,4,2015-06-19
1,2015-07-05,2015-07-09,4,480.0,4,0.0,573.0,433.0,420.6480541627684,479.74583379821223,443.458922892122,504.78844977347154,4,2015-06-19
1,2015-07-06,2015-07-10,4,449.0,5,0.0,538.0,420.0,456.3703084346731,476.24983012843427,444.5183885928239,515.1843825077792,4,2015-06-19
1,2015-07-07,2015-07-11,4,441.0,6,0.0,560.0,463.0,530.9329870635639,490.1156262554134,462.1663615758935,536.2730872179856,4,2015-06-19
1,2015-07-09,2015-07-13,4,553.0,1,1.0,540.0,541.0,566.3021824585485,595.6847895693577,530.1117842879448,595.6847895693577,4,2015-06-19
1,2015-07-10,2015-07-14,4,544.0,2,1.0,485.0,568.0,527.8641979378989,559.6905504197268,520.6992382369327,570.2744965712743,4,2015-06-19
1,2015-07-11,2015-07-15,4,550.0,3,1.0,485.0,562.0,519.2946514301964,550.3805872876644,500.6833799260901,553.841134960433,4,2015-06-19
1,2015-07-12,2015-07-16,4,517.0,4,1.0,480.0,573.0,509.7169243104284,539.1891700183347,508.4464251800583,563.8769871653809,4,2015-06-19
1,2015-07-13,2015-07-17,4,519.0,5,1.0,449.0,538.0,540.2140622950049,536.6773479451832,503.79820201455135,554.911099756474,4,2015-06-19
1,2015-07-14,2015-07-18,4,512.0,6,0.0,441.0,560.0,534.0126071661011,501.81223500708575,484.5969596817543,556.4316886776468,4,2015-06-19
1,2015-07-16,2015-07-20,4,526.0,1,0.0,553.0,540.0,486.91471045617345,503.3809140797847,480.5048512293348,535.0187360972808,4,2015-06-19
1,2015-07-17,2015-07-21,4,469.0,2,0.0,544.0,485.0,447.3500541513096,482.0443345166819,461.78065015062884,519.9382549445633,4,2015-06-19
1,2015-07-18,2015-07-22,4,463.0,3,0.0,550.0,485.0,441.4564575395369,473.48847328954525,459.5030834737543,514.4283937144623,4,2015-06-19
1,2015-07-19,2015-07-23,4,503.0,4,0.0,517.0,480.0,430.8354421335574,477.53027981271924,448.73666445486054,519.7947714048117,4,2015-06-19
1,2015-07-20,2015-07-24,4,459.0,5,0.0,519.0,449.0,462.953057191366,497.30324873328686,453.63235928881085,520.0113469689261,4,2015-06-19
1,2015-07-21,2015-07-25,4,500.0,6,0.0,512.0,441.0,534.1447095620994,497.8639882983664,460.69320382247025,553.2930657440119,4,2015-06-19
1,2015-07-23,2015-07-27,4,612.0,1,1.0,526.0,553.0,562.5565251419265,593.8054678103368,524.0352245503342,593.8054678103368,4,2015-06-19
1,2015-07-24,2015-07-28,4,560.0,2,1.0,469.0,544.0,523.1066972333596,590.6786768614585,524.9858581121592,599.418988604045,4,2015-06-19
1,2015-07-25,2015-07-29,4,523.0,3,1.0,463.0,550.0,515.1234376189188,579.2549148894852,515.0437850107697,595.9996575072228,4,2015-06-19
1,2015-07-26,2015-07-30,4,546.0,4,1.0,503.0,517.0,503.97543286274487,560.1302436354296,519.751515601249,598.2609760576524,4,2015-06-19
1,2015-07-27,2015-07-31,4,555.0,5,1.0,459.0,519.0,534.5025598780903,579.0144576013606,522.9784770662096,593.1171114046167,4,2015-06-19
20,2015-06-16,2015-06-20,4,476.0,6,0.0,590.0,514.0,514.6696481570426,546.9125451045965,518.810942975477,589.6140675678073,4,2015-06-19
20,2015-06-18,2015-06-22,4,922.0,1,0.0,842.0,930.0,934.0778730428989,890.662021883539,844.5379615298937,962.5188971172291,4,2015-06-19
20,2015-06-19,2015-06-23,4,918.0,2,0.0,1021.0,942.0,864.8871051962773,905.6540537209045,843.0071132775008,971.193207632256,4,2015-06-19
20,2015-06-20,2015-06-24,4,886.0,3,0.0,1010.0,857.0,852.1179118042926,902.3351369512869,848.5294045907797,943.3318218823193,4,2015-06-19
20,2015-06-21,2015-06-25,4,1000.0,4,0.0,922.0,1038.0,959.1964380167586,965.2585921091013,887.6846408337286,972.3415385406128,4,2015-06-19
20,2015-06-22,2015-06-26,4,796.0,5,0.0,894.0,776.0,751.7767363824555,798.9837751338417,731.6601049025267,823.8473242751438,4,2015-06-19
20,2015-06-23,2015-06-27,4,544.0,6,0.0,476.0,590.0,515.8996663329333,518.4558114843106,490.09594125933984,592.0582104372021,4,2015-06-19
20,2015-06-25,2015-06-29,4,1136.0,1,1.0,922.0,842.0,1032.6310196919812,993.329056242447,877.0698762806554,1052.20231441973,4,2015-06-19
20,2015-06-26,2015-06-30,4,1053.0,2,1.0,918.0,1021.0,967.6211414317426,977.3936204277236,867.8749487808212,1048.7265607745333,4,2015-06-19
20,2015-06-27,2015-07-01,4,933.0,3,1.0,886.0,1010.0,959.7143581593732,1000.4791955876677,882.6160140909714,1058.0847368053269,4,2015-06-19
20,2015-06-28,2015-07-02,4,1036.0,4,1.0,1000.0,922.0,1069.226693803382,1043.9331278510992,872.9179463625883,1072.4843639502183,4,2015-06-19
20,2015-06-29,2015-07-03,4,817.0,5,1.0,796.0,894.0,869.0648060511189,861.3195879936642,797.6165171663786,903.9748437839844,4,2015-06-19
20,2015-06-30,2015-07-04,4,502.0,6,0.0,544.0,476.0,551.1248036886882,544.2380077653752,501.8362563069833,610.2679749353199,4,2015-06-19
20,2015-07-02,2015-07-06,4,972.0,1,0.0,1136.0,922.0,978.1350532441074,959.6721512737697,883.4524634401969,987.739359274085,4,2015-06-19
20,2015-07-03,2015-07-07,4,897.0,2,0.0,1053.0,918.0,907.7831932727289,916.7275567758956,815.2769287374383,966.7345514507183,4,2015-06-19
20,2015-07-04,2015-07-08,4,843.0,3,0.0,933.0,886.0,894.6315034022026,902.1884926621027,817.0939672593328,944.4325833294456,4,2015-06-19
20,2015-07-05,2015-07-09,4,1046.0,4,0.0,1036.0,1000.0,1002.4102453331573,1009.4098647826503,879.7317022760408,1009.4098647826503,4,2015-06-19
20,2015-07-06,2015-07-10,4,793.0,5,0.0,817.0,796.0,795.4983911899253,801.1541340320434,747.3156240527605,820.1417624524522,4,2015-06-19
20,2015-07-07,2015-07-11,4,497.0,6,0.0,502.0,544.0,555.5247353552406,519.823363569271,493.82998901799846,572.2126446817589,4,2015-06-19
20,2015-07-09,2015-07-13,4,1048.0,1,1.0,972.0,1136.0,1065.688180982113,1024.4669118255076,876.7022740011356,1092.0066285542866,4,2015-06-19
20,2015-07-10,2015-07-14,4,961.0,2,1.0,897.0,1053.0,994.6123890000719,989.1290907016489,868.864930565931,1069.756747126483,4,2015-06-19
20,2015-07-11,2015-07-15,4,944.0,3,1.0,843.0,933.0,977.0012528303787,957.8387576190433,879.7291361536675,1021.4992432371188,4,2015-06-19
20,2015-07-12,2015-07-16,4,1033.0,4,1.0,1046.0,1036.0,1082.6396472349606,1051.2799816491915,903.6691620146978,1090.2204824589248,4,2015-06-19
20,2015-07-13,2015-07-17,4,843.0,5,1.0,793.0,817.0,871.4545735709575,852.9141273201313,808.2508186731926,917.6064999047742,4,2015-06-19
20,2015-07-14,2015-07-18,4,535.0,6,0.0,497.0,502.0,542.1285559531402,500.65328114548214,462.3619453538344,537.2739671344152,4,2015-06-19
20,2015-07-16,2015-07-20,4,1001.0,1,0.0,1048.0,972.0,959.7607208958061,982.5694783098418,891.9448158602634,1008.6327976306993,4,2015-06-19
20,2015-07-17,2015-07-21,4,899.0,2,0.0,961.0,897.0,886.0705726913834,907.4349566888893,836.6304227119878,968.0773073727948,4,2015-06-19
20,2015-07-18,2015-07-22,4,823.0,3,0.0,944.0,843.0,869.9456638624512,893.3057260408884,832.2148019316963,928.2619709523748,4,2015-06-19
20,2015-07-19,2015-07-23,4,1076.0,4,0.0,1033.0,1046.0,975.0194997706952,1012.8349472288331,902.063467442167,1016.8564557366793,4,2015-06-19
20,2015-07-20,2015-07-24,4,885.0,5,0.0,843.0,793.0,767.0478295990133,789.3262963928205,759.9450852495447,840.1045413252049,4,2015-06-19
20,2015-07-21,2015-07-25,4,643.0,6,0.0,535.0,497.0,525.3997537240975,534.1983106187452,477.0441568078218,561.4465862890764,4,2015-06-19
20,2015-07-23,2015-07-27,4,1183.0,1,1.0,1001.0,1048.0,1036.5941233092442,1116.5380141781593,901.5364582029052,1146.1352242047253,4,2015-06-19
20,2015-07-24,2015-07-28,4,1048.0,2,1.0,899.0,961.0,971.7887784127183,1003.2116236755595,874.4429155157904,1049.0656960937658,4,2015-06-19
20,2015-07-25,2015-07-29,4,1040.0,3,1.0,823.0,944.0,963.2381024154334,948.0933892209842,834.8218864788482,1049.3055710768174,4,2015-06-19
20,2015-07-26,2015-07-30,4,1185.0,4,1.0,1076.0,1033.0,1072.3446722424555,1085.3411569507768,904.1226370976575,1133.68286874859,4,2015-06-19
20,2015-07-27,2015-07-31,4,974.0,5,1.0,885.0,843.0,872.6884385462145,879.2243986645175,808.3732022343892,937.5225244220997,4,2015-06-19
1,2015-06-15,2015-06-20,5,494.0,6,0.0,502.0,460.0,536.0082412166089,508.9112225575569,481.44558567079883,561.8735314934057,4,2015-06-19
1,2015-06-17,2015-06-22,5,489.0,1,0.0,586.0,502.0,479.8189290593623,501.1802809207266,465.27202585604226,591.3009956090972,4,2015-06-19
1,2015-06-18,2015-06-23,5,447.0,2,0.0,503.0,485.0,438.8113100598951,472.4401459786513,443.91095117415335,530.7713037344024,4,2015-06-19
1,2015-06-19,2015-06-24,5,414.0,3,0.0,476.0,453.0,430.21618946585016,462.43050261974156,441.9963825211376,525.1370520848102,4,2015-06-19
1,2015-06-20,2015-06-25,5,433.0,4,0.0,498.0,442.0,416.9222165741518,458.29543752170406,435.75861509225814,532.4925492134596,4,2015-06-19
1,2015-06-21,2015-06-26,5,420.0,5,0.0,487.0,422.0,448.16159591755576,482.5562965651531,453.4817185942327,541.1402002581891,4,2015-06-19
1,2015-06-22,2015-06-27,5,463.0,6,0.0,494.0,502.0,519.018151174293,519.7595914716941,466.2662813564712,578.6584784918969,4,2015-06-19
1,2015-06-24,2015-06-29,5,541.0,1,1.0,489.0,586.0,545.3810159965184,585.7932496222325,541.3810792407792,597.0764400037829,4,2015-06-19
1,2015-06-25,2015-06-30,5,568.0,2,1.0,447.0,503.0,506.1196914342238,566.1755203611784,530.8265983137935,589.5632192315014,4,2015-06-19
1,2015-06-26,2015-07-01,5,562.0,3,1.0,414.0,476.0,499.0261649292362,561.7841782037794,529.0023282886261,590.7541728940423,4,2015-06-19
1,2015-06-27,2015-07-02,5,573.0,4,1.0,433.0,498.0,485.83878603844687,529.3342122466769,500.66423728281956,588.1724222934348,4,2015-06-19
1,2015-06-28,2015-07-03,5,538.0,5,1.0,420.0,487.0,517.7512031318247,559.0816255896567,521.7013062075335,578.481361158776,4,2015-06-19
1,2015-06-29,2015-07-04,5,560.0,6,0.0,463.0,494.0,510.53946606148133,493.83013402281847,460.06335523246406,544.7275581400987,4,2015-06-19
1,2015-07-01,2015-07-06,5,540.0,1,0.0,541.0,489.0,467.0070968386604,501.2859783380948,470.32499455890786,537.9177622746507,4,2015-06-19
1,2015-07-02,2015-07-07,5,485.0,2,0.0,568.0,447.0,432.3098316936313,488.04038243069505,463.9364229423257,528.054567760592,4,2015-06-19
1,2015-07-03,2015-07-08,5,485.0,3,0.0,562.0,414.0,428.5888813500201,476.18682993810717,458.2418097619572,522.0055432511595,4,2015-06-19
1,2015-07-04,2015-07-09,5,480.0,4,0.0,573.0,433.0,420.6480541627684,475.29693569790436,449.91435372579883,514.4561403922344,4,2015-06-19
1,2015-07-05,2015-07-10,5,449.0,5,0.0,538.0,420.0,453.0088605627523,478.54327864129897,459.5752683076159,517.4443543692312,4,2015-06-19
1,2015-07-06,2015-07-11,5,441.0,6,0.0,560.0,463.0,528.8065170946519,503.7158243339606,468.2996369048363,534.2006553416875,4,2015-06-19
1,2015-07-08,2015-07-13,5,553.0,1,1.0,540.0,541.0,563.7563226863695,590.3731681342114,532.8662658880896,599.6526372262651,4,2015-06-19
1,2015-07-09,2015-07-14,5,544.0,2,1.0,485.0,568.0,528.2517348845141,561.0446716523007,530.8623882236147,573.1300231864777,4,2015-06-19
1,2015-07-10,2015-07-15,5,550.0,3,1.0,485.0,562.0,523.4236585621758,547.790705003796,510.63070399798244,564.2121134206296,4,2015-06-19
1,2015-07-11,2015-07-16,5,517.0,4,1.0,480.0,573.0,509.7169243104284,539.1948063319056,511.7892382645997,569.533903666867,4,2015-06-19
1,2015-07-12,2015-07-17,5,519.0,5,1.0,449.0,538.0,541.2735507514235,553.5613527680177,505.1963566544521,554.5248224213437,4,2015-06-19
1,2015-07-13,2015-07-18,5,512.0,6,0.0,441.0,560.0,532.9590128935126,502.8379976374508,481.80384545371675,558.4145688785823,4,2015-06-19
1,2015-07-15,2015-07-20,5,526.0,1,0.0,553.0,540.0,486.70863773303006,490.89101213423453,475.0453390123432,540.2594399228374,4,2015-06-19
1,2015-07-16,2015-07-21,5,469.0,2,0.0,544.0,485.0,448.3097465095173,487.5242878663092,460.5040575320433,534.8287410460401,4,2015-06-19
1,2015-07-17,2015-07-22,5,463.0,3,0.0,550.0,485.0,442.1834881638995,476.12763456562965,462.4198815254434,533.1287228639001,4,2015-06-19
1,2015-07-18,2015-07-23,5,503.0,4,0.0,517.0,480.0,430.8354421335574,474.8291664459988,450.26802144970014,534.0275159354954,4,2015-06-19
1,2015-07-19,2015-07-24,5,459.0,5,0.0,519.0,449.0,461.08575093736624,482.2874931546534,465.99813140386016,522.2232997451223,4,2015-06-19
1,2015-07-20,2015-07-25,5,500.0,6,0.0,512.0,441.0,532.9973935545115,499.74571143631573,473.84880354804795,546.3799834940562,4,2015-06-19
1,2015-07-22,2015-07-27,5,612.0,1,1.0,526.0,553.0,560.4186971978875,593.2559677473334,526.9153647978948,593.2559677473334,4,2015-06-19
1,2015-07-23,2015-07-28,5,560.0,2,1.0,469.0,544.0,522.7911167682241,595.8766668472484,533.2234287092165,597.306214841167,4,2015-06-19
1,2015-07-24,2015-07-29,5,523.0,3,1.0,463.0,550.0,517.019663268085,581.7564372338559,519.9698939199811,603.7106572362471,4,2015-06-19
1,2015-07-25,2015-07-30,5,546.0,4,1.0,503.0,517.0,503.97543286274487,559.25661006581,521.5707255571836,601.1963439227501,4,2015-06-19
1,2015-07-26,2015-07-31,5,555.0,5,1.0,459.0,519.0,532.7713381937186,571.0635520898765,526.5992941048767,589.121342748409,4,2015-06-19
20,2015-06-15,2015-06-20,5,476.0,6,0.0,590.0,514.0,512.0412682912381,539.7008601237048,526.0851407557144,590.1503297637586,4,2015-06-19
20,2015-06-17,2015-06-22,5,922.0,1,0.0,842.0,930.0,938.2594437151029,932.7010608747935,835.6805282234421,980.4914432272284,4,2015-06-19
20,2015-06-18,2015-06-23,5,918.0,2,0.0,1021.0,942.0,863.1575149038613,923.1208502130931,845.1492701334212,964.0039943871927,4,2015-06-19
20,2015-06-19,2015-06-24,5,886.0,3,0.0,1010.0,857.0,853.7228530546145,920.8506222372893,826.2842343520491,961.9660078242664,4,2015-06-19
20,2015-06-20,2015-06-25,5,1000.0,4,0.0,922.0,1038.0,959.1964380167586,962.6077931049098,898.4291483422818,974.7421183049371,4,2015-06-19
20,2015-06-21,2015-06-26,5,796.0,5,0.0,894.0,776.0,752.7916559304258,794.9272646926262,735.8029973536254,832.7967105877115,4,2015-06-19
20,2015-06-22,2015-06-27,5,544.0,6,0.0,476.0,590.0,513.8246322462562,542.5672879001359,488.5399291573933,598.4294796908914,4,2015-06-19
20,2015-06-24,2015-06-29,5,1136.0,1,1.0,922.0,842.0,1031.6156871499866,1000.7499299992097,876.923852081697,1056.7439942408116,4,2015-06-19
20,2015-06-25,2015-06-30,5,1053.0,2,1.0,918.0,1021.0,965.2248764540395,988.2356621036631,870.0093186772816,1068.9424018155169,4,2015-06-19
20,2015-06-26,2015-07-01,5,933.0,3,1.0,886.0,1010.0,958.9556741778897,1005.2694090128052,891.5713580923145,1072.7718136735325,4,2015-06-19
20,2015-06-27,2015-07-02,5,1036.0,4,1.0,1000.0,922.0,1069.226693803382,1060.9020285033403,875.8797464197116,1103.0720292682504,4,2015-06-19
20,2015-06-28,2015-07-03,5,817.0,5,1.0,796.0,894.0,864.650468002235,856.1700246513371,794.2465246690476,902.8635882040991,4,2015-06-19
20,2015-06-29,2015-07-04,5,502.0,6,0.0,544.0,476.0,547.0177828423768,544.512552493962,506.3099881314087,578.4600150312828,4,2015-06-19
20,2015-07-01,2015-07-06,5,972.0,1,0.0,1136.0,922.0,979.6031644106235,956.585185313441,890.0182180137895,983.7757289894604,4,2015-06-19
20,2015-07-02,2015-07-07,5,897.0,2,0.0,1053.0,918.0,910.2942000584113,922.759456476671,818.5024737134046,979.6642954709831,4,2015-06-19
20,2015-07-03,2015-07-08,5,843.0,3,0.0,933.0,886.0,896.5700091389566,915.6085968805143,823.2343268270231,943.3026937025396,4,2015-06-19
20,2015-07-04,2015-07-09,5,1046.0,4,0.0,1036.0,1000.0,1002.4102453331573,1003.3322250992597,884.3254782470364,1008.2119696680236,4,2015-06-19
20,2015-07-05,2015-07-10,5,793.0,5,0.0,817.0,796.0,795.6488745866129,816.9790924404886,743.2897464303303,839.1831660877722,4,2015-06-19
20,2015-07-06,2015-07-11,5,497.0,6,0.0,502.0,544.0,555.9455605200625,543.850722402625,496.63745379390366,570.6990172042455,4,2015-06-19
20,2015-07-08,2015-07-13,5,1048.0,1,1.0,972.0,1136.0,1063.1964775705694,1031.767127349307,889.6715619351766,1088.3695386635259,4,2015-06-19
20,2015-07-09,2015-07-14,5,961.0,2,1.0,897.0,1053.0,994.6016372167315,991.6183301970547,876.503438290624,1086.1983174531817,4,2015-06-19
20,2015-07-10,2015-07-15,5,944.0,3,1.0,843.0,933.0,980.011666915065,985.226774121486,885.4008350270233,1021.8296945893882,4,2015-06-19
20,2015-07-11,2015-07-16,5,1033.0,4,1.0,1046.0,1036.0,1082.6396472349606,1055.4046893807774,912.7062714881582,1099.28208446919,4,2015-06-19
20,2015-07-12,2015-07-17,5,843.0,5,1.0,793.0,817.0,872.2999556154905,859.2923535747373,796.3194051585016,922.8246525367373,4,2015-06-19
20,2015-07-13,2015-07-18,5,535.0,6,0.0,497.0,502.0,543.5849733585648,511.0436198314181,469.39972384618363,545.365169414963,4,2015-06-19
20,2015-07-15,2015-07-20,5,1001.0,1,0.0,1048.0,972.0,961.8572508959778,979.7911376606152,892.4849847439914,1010.6326539774882,4,2015-06-19
20,2015-07-16,2015-07-21,5,899.0,2,0.0,961.0,897.0,886.7307680759282,900.0440424578807,834.1276472129056,969.1410347311427,4,2015-06-19
20,2015-07-17,2015-07-22,5,823.0,3,0.0,944.0,843.0,870.3181324628283,888.9495796763954,843.186887875962,926.0023732439621,4,2015-06-19
20,2015-07-18,2015-07-23,5,1076.0,4,0.0,1033.0,1046.0,975.0194997706952,1008.939925100215,904.3977582932714,1022.2323351920808,4,2015-06-19
20,2015-07-19,2015-07-24,5,885.0,5,0.0,843.0,793.0,764.9768005679034,779.5427771876329,746.414948386572,841.5195415171829,4,2015-06-19
20,2015-07-20,2015-07-25,5,643.0,6,0.0,535.0,497.0,524.6413349707293,546.5070572840939,490.6912509056406,554.3460938980793,4,2015-06-19
20,2015-07-22,2015-07-27,5,1183.0,1,1.0,1001.0,1048.0,1031.6756212758498,1104.2527091820034,913.9632234888487,1131.0740640243414,4,2015-06-19
20,2015-07-23,2015-07-28,5,1048.0,2,1.0,899.0,961.0,965.4429771570206,1001.1375762720736,890.5159303963052,1064.5465130972805,4,2015-06-19
20,2015-07-24,2015-07-29,5,1040.0,3,1.0,823.0,944.0,957.6533626908753,949.4998899649338,829.6430984405201,1022.4490848209813,4,2015-06-19
20,2015-07-25,2015-07-30,5,1185.0,4,1.0,1076.0,1033.0,1072.3446722424555,1092.4515570324781,914.3316538943172,1135.1729903639962,4,2015-06-19
20,2015-07-26,2015-07-31,5,974.0,5,1.0,885.0,843.0,865.2991271998363,872.1096581952233,801.509642096878,891.0997190605661,4,2015-06-19
1,2015-06-14,2015-06-20,6,494.0,6,0.0,502.0,460.0,536.2767556464587,500.45667748956197,476.5773583032042,551.2416157013441,4,2015-06-19
1,2015-06-16,2015-06-22,6,489.0,1,0.0,586.0,502.0,481.8753662945622,503.32458454572355,474.12746469797776,579.0917590398749,4,2015-06-19
1,2015-06-17,2015-06-23,6,447.0,2,0.0,503.0,485.0,439.3332358598191,457.8562297235001,457.8562297235001,505.56232129564995,4,2015-06-19
1,2015-06-18,2015-06-24,6,414.0,3,0.0,476.0,453.0,432.58631669727856,458.5572978861054,441.4699642561784,508.77510702056884,4,2015-06-19
1,2015-06-19,2015-06-25,6,433.0,4,0.0,498.0,442.0,418.4011459746128,462.625060996705,436.9217503401736,512.4560971341283,4,2015-06-19
1,2015-06-20,2015-06-26,6,420.0,5,0.0,487.0,422.0,448.16159591755576,486.3453254488346,452.92939230790125,541.4576154314276,4,2015-06-19
1,2015-06-21,2015-06-27,6,463.0,6,0.0,494.0,502.0,518.4001835015447,519.6504013529437,476.0258976138305,584.7003633142507,4,2015-06-19
1,2015-06-23,2015-06-29,6,541.0,1,1.0,489.0,586.0,546.0293669064703,583.0808069611398,546.7319572036306,602.9574166081945,4,2015-06-19
1,2015-06-24,2015-06-30,6,568.0,2,1.0,447.0,503.0,505.4415783136258,569.8091813121551,534.9511020238862,588.9108325995826,4,2015-06-19
1,2015-06-25,2015-07-01,6,562.0,3,1.0,414.0,476.0,500.4548944447037,583.1317497372819,531.4306674726765,593.6052325335515,4,2015-06-19
1,2015-06-26,2015-07-02,6,573.0,4,1.0,433.0,498.0,488.3889419156748,530.5340344470491,515.6433856080376,570.3511626716435,4,2015-06-19
1,2015-06-27,2015-07-03,6,538.0,5,1.0,420.0,487.0,517.7512031318247,559.1301799504798,514.1274680220338,589.5496470115861,4,2015-06-19
1,2015-06-28,2015-07-04,6,560.0,6,0.0,463.0,494.0,510.68250693102453,510.11761991075554,467.85068701512574,545.341593309272,4,2015-06-19
1,2015-06-30,2015-07-06,6,540.0,1,0.0,541.0,489.0,464.2345518588472,495.2189632664854,470.0490535534602,529.3573234016951,4,2015-06-19
1,2015-07-01,2015-07-07,6,485.0,2,0.0,568.0,447.0,428.9319062242089,470.20692023840195,458.8383508449759,519.5110119693277,4,2015-06-19
1,2015-07-02,2015-07-08,6,485.0,3,0.0,562.0,414.0,427.87036891865284,465.220291978457,464.9743559437719,506.12415593462475,4,2015-06-19
1,2015-07-03,2015-07-09,6,480.0,4,0.0,573.0,433.0,419.28462098812446,470.27386431234737,456.9391355090576,496.8082712932117,4,2015-06-19
1,2015-07-04,2015-07-10,6,449.0,5,0.0,538.0,420.0,453.0088605627523,466.869318629652,456.52864415467207,504.5067128820769,4,2015-06-19
1,2015-07-05,2015-07-11,6,441.0,6,0.0,560.0,463.0,525.6347335347003,488.8424606474408,473.33002431280687,543.8303432164086,4,2015-06-19
1,2015-07-07,2015-07-13,6,553.0,1,1.0,540.0,541.0,561.628239553267,588.6947112938957,535.7005340307576,594.5647347831717,4,2015-06-19
1,2015-07-08,2015-07-14,6,544.0,2,1.0,485.0,568.0,525.6883627581846,545.2753371165975,522.6734238865223,568.6052321928851,4,2015-06-19
1,2015-07-09,2015-07-15,6,550.0,3,1.0,485.0,562.0,523.7514051751568,532.3126347653442,509.44160332870473,546.8574802722486,4,2015-06-19
1,2015-07-10,2015-07-16,6,517.0,4,1.0,480.0,573.0,513.7810759393959,524.8513974151056,507.68703172417014,556.106993089658,4,2015-06-19
1,2015-07-11,2015-07-17,6,519.0,5,1.0,449.0,538.0,541.2735507514235,542.6817185851398,498.630678432282,552.4365822909267,4,2015-06-19
1,2015-07-12,2015-07-18,6,512.0,6,0.0,441.0,560.0,534.0094114225952,489.5608589009382,477.8082713913096,543.5364892318511,4,2015-06-19
1,2015-07-14,2015-07-20,6,526.0,1,0.0,553.0,540.0,485.4853087809577,500.5428901674008,487.640139320752,533.7729748897748,4,2015-06-19
1,2015-07-15,2015-07-21,6,469.0,2,0.0,544.0,485.0,448.1112077195851,480.523050150819,465.9283321816764,516.8486495314859,4,2015-06-19
1,2015-07-16,2015-07-22,6,463.0,3,0.0,550.0,485.0,443.1313763163175,464.5770830687616,464.5770830687616,499.94715794538865,4,2015-06-19
1,2015-07-17,2015-07-23,6,503.0,4,0.0,517.0,480.0,431.5276175407221,459.3716989881063,459.3716989881063,508.0183468773714,4,2015-06-19
1,2015-07-18,2015-07-24,6,459.0,5,0.0,519.0,449.0,461.08575093736624,477.65676001948,463.6537482213031,504.45386681436304,4,2015-06-19
1,2015-07-19,2015-07-25,6,500.0,6,0.0,512.0,441.0,531.2979239813095,490.6550097834939,476.65762518097375,540.4519725597975,4,2015-06-19
1,2015-07-21,2015-07-27,6,612.0,1,1.0,526.0,553.0,560.0229471512114,594.1948051668735,526.0246555539555,594.1948051668735,4,2015-06-19
1,2015-07-22,2015-07-28,6,560.0,2,1.0,469.0,544.0,520.6802170352645,585.4054772178536,531.2716889859676,603.8122880753132,4,2015-06-19
1,2015-07-23,2015-07-29,6,523.0,3,1.0,463.0,550.0,516.6019711469198,580.973714955863,512.848120562991,596.6746357325233,4,2015-06-19
1,2015-07-24,2015-07-30,6,546.0,4,1.0,503.0,517.0,505.78592196334824,566.5628424456779,518.7319799433088,599.4931970236454,4,2015-06-19
1,2015-07-25,2015-07-31,6,555.0,5,1.0,459.0,519.0,532.7713381937186,567.0961368525197,514.4620848502515,594.4032370299233,4,2015-06-19
20,2015-06-14,2015-06-20,6,476.0,6,0.0,590.0,514.0,519.4791647073087,538.2685771420432,527.5096478908393,595.3728295471809,4,2015-06-19
20,2015-06-16,2015-06-22,6,922.0,1,0.0,842.0,930.0,936.2162321042053,912.3272950361047,836.7989078268737,982.8652074649038,4,2015-06-19
20,2015-06-17,2015-06-23,6,918.0,2,0.0,1021.0,942.0,867.1197642722072,902.1906496859191,846.7125037378883,974.0061803677072,4,2015-06-19
20,2015-06-18,2015-06-24,6,886.0,3,0.0,1010.0,857.0,852.0209777558019,899.9370759792295,828.5739942081809,971.3155179843191,4,2015-06-19
20,2015-06-19,2015-06-25,6,1000.0,4,0.0,922.0,1038.0,960.665014292653,970.4721467514531,895.8671725365652,970.4721467514531,4,2015-06-19
20,2015-06-20,2015-06-26,6,796.0,5,0.0,894.0,776.0,752.7916559304258,776.8602709245753,758.2123237108941,827.6454669286605,4,2015-06-19
20,2015-06-21,2015-06-27,6,544.0,6,0.0,476.0,590.0,514.8198603525896,534.271579534683,506.93817589013764,594.0952302050308,4,2015-06-19
20,2015-06-23,2015-06-29,6,1136.0,1,1.0,922.0,842.0,1029.7552357291415,1007.6855958184794,915.9228611939214,1046.5559001749798,4,2015-06-19
20,2015-06-24,2015-06-30,6,1053.0,2,1.0,918.0,1021.0,964.5262043626988,988.908583523737,865.1208728834564,1066.4472841250197,4,2015-06-19
20,2015-06-25,2015-07-01,6,933.0,3,1.0,886.0,1010.0,956.8254832021319,1016.1503287182813,904.9476606942128,1066.1464560461268,4,2015-06-19
20,2015-06-26,2015-07-02,6,1036.0,4,1.0,1000.0,922.0,1068.3682639860363,1045.0480013576048,882.7156731632499,1090.4872145675176,4,2015-06-19
20,2015-06-27,2015-07-03,6,817.0,5,1.0,796.0,894.0,864.650468002235,871.4287713114544,800.7253321592368,899.9976288328377,4,2015-06-19
20,2015-06-28,2015-07-04,6,502.0,6,0.0,544.0,476.0,542.7143665087954,531.6471386351242,500.36197354599324,556.4962083439908,4,2015-06-19
20,2015-06-30,2015-07-06,6,972.0,1,0.0,1136.0,922.0,981.317624355989,960.6611298718068,887.538079319773,980.7151894619965,4,2015-06-19
20,2015-07-01,2015-07-07,6,897.0,2,0.0,1053.0,918.0,911.752367273672,919.559958945512,813.6448984242041,975.6096543809763,4,2015-06-19
20,2015-07-02,2015-07-08,6,843.0,3,0.0,933.0,886.0,899.3659478193088,916.1377314531956,812.6707258323964,949.2976883276515,4,2015-06-19
20,2015-07-03,2015-07-09,6,1046.0,4,0.0,1036.0,1000.0,1004.2955527267513,1010.803658410922,889.2758291241591,1018.1530097358243,4,2015-06-19
20,2015-07-04,2015-07-10,6,793.0,5,0.0,817.0,796.0,795.6488745866129,804.9680203789605,771.642125484331,827.9670391608063,4,2015-06-19
20,2015-07-05,2015-07-11,6,497.0,6,0.0,502.0,544.0,556.0484014953867,545.0108481404287,482.89352594369484,580.1159934945614,4,2015-06-19
20,2015-07-07,2015-07-13,6,1048.0,1,1.0,972.0,1136.0,1065.8026605422624,1041.6863008818086,895.1860743139605,1083.403927300732,4,2015-06-19
20,2015-07-08,2015-07-14,6,961.0,2,1.0,897.0,1053.0,992.4228843966563,994.094701322255,876.7542460673511,1077.9079713611748,4,2015-06-19
20,2015-07-09,2015-07-15,6,944.0,3,1.0,843.0,933.0,980.2844386168676,992.869816004151,902.0215852478882,1028.889117335357,4,2015-06-19
20,2015-07-10,2015-07-16,6,1033.0,4,1.0,1046.0,1036.0,1085.5651974608836,1067.079873412861,904.1803303950694,1127.8687422191642,4,2015-06-19
20,2015-07-11,2015-07-17,6,843.0,5,1.0,793.0,817.0,872.2999556154905,873.2024269957573,811.7964001249677,908.0595587742754,4,2015-06-19
20,2015-07-12,2015-07-18,6,535.0,6,0.0,497.0,502.0,544.3968731369857,503.21413705359237,473.9077885914365,542.1111391242723,4,2015-06-19
20,2015-07-14,2015-07-20,6,1001.0,1,0.0,1048.0,972.0,963.6432921387599,995.6333461517299,904.2945171256702,1002.3628664186161,4,2015-06-19
20,2015-07-15,2015-07-21,6,899.0,2,0.0,961.0,897.0,889.0867188539664,898.817496758551,849.9407551681398,961.8734960005962,4,2015-06-19
20,2015-07-16,2015-07-22,6,823.0,3,0.0,944.0,843.0,871.1678947124353,900.7049640825718,830.9495998260606,939.6995729963382,4,2015-06-19
20,2015-07-17,2015-07-23,6,1076.0,4,0.0,1033.0,1046.0,975.2436451904589,1011.3888005278134,914.622888648054,1038.1890052446736,4,2015-06-19
20,2015-07-18,2015-07-24,6,885.0,5,0.0,843.0,793.0,764.9768005679034,783.278087937012,769.6004580217393,839.5107808025983,4,2015-06-19
20,2015-07-19,2015-07-25,6,643.0,6,0.0,535.0,497.0,522.4403672818208,530.8709226989602,494.5224935899613,564.8379975787994,4,2015-06-19
20,2015-07-21,2015-07-27,6,1183.0,1,1.0,1001.0,1048.0,1034.406465785574,1097.2023751661281,930.3483149986512,1143.9370283209853,4,2015-06-19
20,2015-07-22,2015-07-28,6,1048.0,2,1.0,899.0,961.0,960.9742486229353,998.2563126986851,903.2203609757088,1057.802741935755,4,2015-06-19
20,2015-07-23,2015-07-29,6,1040.0,3,1.0,823.0,944.0,951.5685671498871,974.1040770509285,843.5290457433662,1038.1072109630109,4,2015-06-19
20,2015-07-24,2015-07-30,6,1185.0,4,1.0,1076.0,1033.0,1066.9407180835024,1085.894125469203,931.7658662502154,1122.8534002989945,4,2015-06-19
20,2015-07-25,2015-07-31,6,974.0,5,1.0,885.0,843.0,865.2991271998363,865.0673332424091,807.5384289398936,922.6646696505978,4,2015-06-19
1,2015-06-13,2015-06-20,7,494.0,6,0.0,502.0,460.0,536.2767556464587,518.9334292615569,473.92809987814366,569.6534032488894,4,2015-06-19
1,2015-06-15,2015-06-22,7,489.0,1,0.0,586.0,502.0,482.4846630114042,513.7055059323505,476.9090810844547,579.0943981144712,4,2015-06-19
1,2015-06-16,2015-06-23,7,447.0,2,0.0,503.0,485.0,441.3483716836223,464.10319771308855,449.9893311873167,511.30888596410375,4,2015-06-19
1,2015-06-17,2015-06-24,7,414.0,3,0.0,476.0,453.0,433.10520256345876,452.35145324297,441.25683213019664,504.5088073225727,4,2015-06-19
1,2015-06-18,2015-06-25,7,433.0,4,0.0,498.0,442.0,420.7155553929675,454.48602242652464,434.94070604705826,516.8600818221985,4,2015-06-19
1,2015-06-19,2015-06-26,7,420.0,5,0.0,487.0,422.0,449.614348769689,477.9321726746835,461.292664604058,538.8773561695916,4,2015-06-19
1,2015-06-20,2015-06-27,7,463.0,6,0.0,494.0,502.0,518.4001835015447,523.7997340380113,477.8316383683087,580.1317112059501,4,2015-06-19
1,2015-06-22,2015-06-29,7,541.0,1,1.0,489.0,586.0,545.2715319797053,587.466583934141,531.5642966721413,600.4560296113307,4,2015-06-19
1,2015-06-23,2015-06-30,7,568.0,2,1.0,447.0,503.0,506.11846837257764,568.6616261564769,538.9954523158158,597.7789018378892,4,2015-06-19
1,2015-06-24,2015-07-01,7,562.0,3,1.0,414.0,476.0,499.7398213671778,569.7077071420147,524.4425509592485,589.7056292279083,4,2015-06-19
1,2015-06-25,2015-07-02,7,573.0,4,1.0,433.0,498.0,489.75126851464796,541.5565969045118,509.70275616597826,583.2217987896569,4,2015-06-19
1,2015-06-26,2015-07-03,7,538.0,5,1.0,420.0,487.0,520.2972339319541,560.029870142261,507.8721277919807,578.1202279575938,4,2015-06-19
1,2015-06-27,2015-07-04,7,560.0,6,0.0,463.0,494.0,510.68250693102453,522.3536274595966,455.93398020967214,546.8626285024098,4,2015-06-19
1,2015-06-29,2015-07-06,7,540.0,1,0.0,541.0,489.0,461.5178920435271,494.53827608264146,461.2064377687918,525.8314982728298,4,2015-06-19
1,2015-06-30,2015-07-07,7,485.0,2,0.0,568.0,447.0,426.15507700804756,470.7618480978321,448.9153839511546,512.1452188776186,4,2015-06-19
1,2015-07-01,2015-07-08,7,485.0,3,0.0,562.0,414.0,424.5172895370895,459.4750035609933,448.77939096970607,506.3595102249017,4,2015-06-19
1,2015-07-02,2015-07-09,7,480.0,4,0.0,573.0,433.0,418.50934322190983,457.51115795652566,448.9208473984964,490.12725406804225,4,2015-06-19
1,2015-07-03,2015-07-10,7,449.0,5,0.0,538.0,420.0,451.68459592048765,480.8612186098202,461.1615869683897,496.7034412183867,4,2015-06-19
1,2015-07-04,2015-07-11,7,441.0,6,0.0,560.0,463.0,525.6347335347003,503.8282277973241,475.52657880389523,527.4688143380299,4,2015-06-19
1,2015-07-06,2015-07-13,7,553.0,1,1.0,540.0,541.0,559.6102008474342,593.4158739148548,538.8701443400503,599.5012712515265,4,2015-06-19
1,2015-07-07,2015-07-14,7,544.0,2,1.0,485.0,568.0,523.5459523720658,545.8740385332104,523.2567523657617,571.8724285401134,4,2015-06-19
1,2015-07-08,2015-07-15,7,550.0,3,1.0,485.0,562.0,521.2203721408496,527.2554888953184,508.2190685309316,553.8502239657346,4,2015-06-19
1,2015-07-09,2015-07-16,7,517.0,4,1.0,480.0,573.0,514.1386991790372,519.4108556435341,508.2677479561265,556.9397345177472,4,2015-06-19
1,2015-07-10,2015-07-17,7,519.0,5,1.0,449.0,538.0,545.2653531954121,533.4074753600713,501.0402842408927,558.6877031969362,4,2015-06-19
1,2015-07-11,2015-07-18,7,512.0,6,0.0,441.0,560.0,534.0094114225952,491.6890732069276,476.0385548396454,545.5356610106958,4,2015-06-19
1,2015-07-13,2015-07-20,7,526.0,1,0.0,553.0,540.0,484.5112107954988,504.45056231616087,473.83122561115385,539.7910660025751,4,2015-06-19
1,2015-07-14,2015-07-21,7,469.0,2,0.0,544.0,485.0,446.9330694303427,489.03777403473464,464.9531018656973,512.8133259447926,4,2015-06-19
1,2015-07-15,2015-07-22,7,463.0,3,0.0,550.0,485.0,442.96368326012896,466.3470856654211,459.87322322925354,509.12685888175355,4,2015-06-19
1,2015-07-16,2015-07-23,7,503.0,4,0.0,517.0,480.0,432.4896256220054,464.416967894513,459.2065465312136,514.004082988938,4,2015-06-19
1,2015-07-17,2015-07-24,7,459.0,5,0.0,519.0,449.0,461.81871483904735,476.4480555500203,457.4934838780187,501.11932144105054,4,2015-06-19
1,2015-07-18,2015-07-25,7,500.0,6,0.0,512.0,441.0,531.2979239813095,503.569785190766,471.80264404101973,542.5504127928847,4,2015-06-19
1,2015-07-20,2015-07-27,7,612.0,1,1.0,526.0,553.0,558.7917130060216,586.2962815054966,527.8749725782583,586.2962815054966,4,2015-06-19
1,2015-07-21,2015-07-28,7,560.0,2,1.0,469.0,544.0,520.3266994346117,579.7457462217275,532.6579624760993,606.4632689164422,4,2015-06-19
1,2015-07-22,2015-07-29,7,523.0,3,1.0,463.0,550.0,514.5522094668272,575.6349069238586,516.9846741699326,597.1361813449521,4,2015-06-19
1,2015-07-23,2015-07-30,7,546.0,4,1.0,503.0,517.0,505.46963147456745,569.5046571156953,525.9855853451018,612.2602348470081,4,2015-06-19
1,2015-07-24,2015-07-31,7,555.0,5,1.0,459.0,519.0,534.5600017693216,567.7849483294737,528.6159539204507,590.4168741546104,4,2015-06-19
20,2015-06-13,2015-06-20,7,476.0,6,0.0,590.0,514.0,519.4791647073087,539.2168632084055,526.4733891053102,601.0649948340206,4,2015-06-19
20,2015-06-15,2015-06-22,7,922.0,1,0.0,842.0,930.0,933.9185139215649,935.0217372065727,844.0463065085501,954.3605064968935,4,2015-06-19
20,2015-06-16,2015-06-23,7,918.0,2,0.0,1021.0,942.0,865.1854245346763,908.774996664858,867.4810671435214,970.5220518378176,4,2015-06-19
20,2015-06-17,2015-06-24,7,886.0,3,0.0,1010.0,857.0,855.9023370665096,906.5501026000907,866.0750819762833,951.2055628468212,4,2015-06-19
20,2015-06-18,2015-06-25,7,1000.0,4,0.0,922.0,1038.0,958.9888203449063,961.6428562168168,915.5528911129694,991.2700169035242,4,2015-06-19
20,2015-06-19,2015-06-26,7,796.0,5,0.0,894.0,776.0,754.0119924241295,790.6516061405101,742.7445008287489,843.1265812244055,4,2015-06-19
20,2015-06-20,2015-06-27,7,544.0,6,0.0,476.0,590.0,514.8198603525896,534.6199662817282,483.77270617182046,596.5187491245915,4,2015-06-19
20,2015-06-22,2015-06-29,7,1136.0,1,1.0,922.0,842.0,1028.058133230496,996.1280092100155,903.4379241030141,1060.8955201937215,4,2015-06-19
20,2015-06-23,2015-06-30,7,1053.0,2,1.0,918.0,1021.0,962.8303431075632,994.4648237228988,884.6087148358308,1062.7030238195712,4,2015-06-19
20,2015-06-24,2015-07-01,7,933.0,3,1.0,886.0,1010.0,955.9109981803293,1010.1022700835396,883.5016223783928,1066.622287542581,4,2015-06-19
20,2015-06-25,2015-07-02,7,1036.0,4,1.0,1000.0,922.0,1066.333890128609,1060.051238125319,873.022767851914,1122.3464517352782,4,2015-06-19
20,2015-06-26,2015-07-03,7,817.0,5,1.0,796.0,894.0,863.7049019923937,860.7283649874147,782.0082944791135,881.9506676264383,4,2015-06-19
20,2015-06-27,2015-07-04,7,502.0,6,0.0,544.0,476.0,542.7143665087954,528.5061191795132,493.37372714127423,563.2571003876709,4,2015-06-19
20,2015-06-29,2015-07-06,7,972.0,1,0.0,1136.0,922.0,977.7390562341199,979.6293707778025,863.2253540853593,981.3657316829203,4,2015-06-19
20,2015-06-30,2015-07-07,7,897.0,2,0.0,1053.0,918.0,913.5208761510835,911.1049271118533,841.3398225133761,974.9562977913832,4,2015-06-19
20,2015-07-01,2015-07-08,7,843.0,3,0.0,933.0,886.0,900.8548907717432,915.6178276579359,814.7688178250173,943.5350419197185,4,2015-06-19
20,2015-07-02,2015-07-09,7,1046.0,4,0.0,1036.0,1000.0,1007.1294995230699,1013.6353167414665,896.3906267015162,1019.2631075408591,4,2015-06-19
20,2015-07-03,2015-07-10,7,793.0,5,0.0,817.0,796.0,797.4186052197203,808.4754104173945,748.3467400373625,818.8807854448012,4,2015-06-19
20,2015-07-04,2015-07-11,7,497.0,6,0.0,502.0,544.0,556.0484014953867,550.6763351698146,465.7850010720382,586.0070928836213,4,2015-06-19
20,2015-07-06,2015-07-13,7,1048.0,1,1.0,972.0,1136.0,1066.0818987593866,1039.3661319892626,891.9948278936286,1097.2647724766882,4,2015-06-19
20,2015-07-07,2015-07-14,7,961.0,2,1.0,897.0,1053.0,994.9078738768782,998.3174888426623,866.4474562401629,1080.1008587161368,4,2015-06-19
20,2015-07-08,2015-07-15,7,944.0,3,1.0,843.0,933.0,977.8362368008521,981.3802074796512,873.8586025420178,1013.393670351901,4,2015-06-19
20,2015-07-09,2015-07-16,7,1033.0,4,1.0,1046.0,1036.0,1085.9161201512593,1062.7091355598927,900.4238837957391,1115.3945937235844,4,2015-06-19
20,2015-07-10,2015-07-17,7,843.0,5,1.0,793.0,817.0,875.1019625629193,861.9045069072093,786.6949469995053,916.4077930736757,4,2015-06-19
20,2015-07-11,2015-07-18,7,535.0,6,0.0,497.0,502.0,544.3968731369857,512.3378360028015,468.5654718843997,544.8227626108533,4,2015-06-19
20,2015-07-13,2015-07-20,7,1001.0,1,0.0,1048.0,972.0,964.7474796523752,996.8482541565108,900.3424617643121,1004.7119262428561,4,2015-06-19
20,2015-07-14,2015-07-21,7,899.0,2,0.0,961.0,897.0,890.7716675687674,885.3426015348791,847.8230287385041,949.1388438076648,4,2015-06-19
20,2015-07-15,2015-07-22,7,823.0,3,0.0,944.0,843.0,873.4182504310635,887.779524607829,819.9618651392905,922.296810975873,4,2015-06-19
20,2015-07-16,2015-07-23,7,1076.0,4,0.0,1033.0,1046.0,976.0462330047342,1019.6463932633943,907.0744006042137,1022.7900927511535,4,2015-06-19
20,2015-07-17,2015-07-24,7,885.0,5,0.0,843.0,793.0,765.119559762757,790.9486291941398,760.805489872427,841.0572999159838,4,2015-06-19
20,2015-07-18,2015-07-25,7,643.0,6,0.0,535.0,497.0,522.4403672818208,538.9890451529598,488.7944926049286,558.7084297017708,4,2015-06-19
20,2015-07-20,2015-07-27,7,1183.0,1,1.0,1001.0,1048.0,1033.6718582909637,1107.3420128452715,922.7503328557918,1128.383548499525,4,2015-06-19
20,2015-07-21,2015-07-28,7,1048.0,2,1.0,899.0,961.0,963.5184137522126,1017.0668869674873,883.1280328507926,1052.008649076096,4,2015-06-19
20,2015-07-22,2015-07-29,7,1040.0,3,1.0,823.0,944.0,947.1328703580305,963.5116951406708,821.5991503879362,1012.2091113282846,4,2015-06-19
20,2015-07-23,2015-07-30,7,1185.0,4,1.0,1076.0,1033.0,1060.8807429263293,1085.5170976190955,916.3899052653256,1126.3834734710003,4,2015-06-19
20,2015-07-24,2015-07-31,7,974.0,5,1.0,885.0,843.0,859.9903846947612,853.2216511839497,805.5950428627831,917.3374604434665,4,2015-06-19
